Date,Temperature,Humidity,Wind_Speed,Cloud_Cover,Pressure,Rain,Rain_Today
2019-10-03,26.71,82.12,4.33,11.62,1009.14,0.1,0
2019-10-04,26.45,80.92,4.91,12.83,1009.76,0.1,0
2019-10-05,26.25,78.96,5.41,23.54,1010.06,0.3,0
2019-10-06,26.56,71.88,4.82,8.5,1010.65,0.0,0
2019-10-07,26.12,73.04,6.42,5.29,1011.58,0.0,0
2019-10-08,26.15,71.96,5.44,4.96,1011.42,0.0,0
2019-10-09,25.96,70.62,4.12,10.62,1011.13,0.0,0
2019-10-10,25.81,70.79,5.12,9.42,1010.78,0.0,0
2019-10-11,25.56,67.25,5.64,13.38,1010.26,0.1,0
2019-10-12,25.8,63.58,6.65,5.79,1011.11,0.0,0
2019-10-13,26.04,64.88,5.94,5.79,1011.7,0.0,0
2019-10-14,26.62,64.58,6.04,5.67,1012.1,0.0,0
2019-10-15,26.24,66.83,4.7,6.75,1013.07,0.0,0
2019-10-16,25.73,69.46,5.27,1.5,1013.35,0.0,0
2019-10-17,25.53,72.83,6.09,7.29,1013.38,0.0,0
2019-10-18,25.48,74.58,5.99,11.54,1013.2,0.0,0
2019-10-19,25.9,73.67,5.35,74.08,1014.31,0.0,0
2019-10-20,25.39,75.58,5.07,74.79,1014.21,0.0,0
2019-10-21,24.5,69.25,6.98,46.46,1012.57,0.0,0
2019-10-22,23.86,64.75,7.06,51.88,1010.35,0.0,0
2019-10-23,23.75,65.54,6.67,8.42,1009.28,0.0,0
2019-10-24,23.77,64.96,7.02,1.75,1009.87,0.0,0
2019-10-25,23.38,65.96,7.76,0.04,1011.27,0.0,0
2019-10-26,22.93,70.92,7.9,9.88,1013.0,0.0,0
2019-10-27,23.37,67.71,5.18,54.17,1012.8,0.0,0
2019-10-28,24.71,65.08,5.5,84.88,1013.22,0.0,0
2019-10-29,24.96,66.62,4.67,51.29,1013.63,0.0,0
2019-10-30,24.54,71.25,4.57,72.58,1012.74,0.0,0
2019-10-31,25.02,68.46,6.3,0.58,1011.82,0.0,0
2019-11-01,25.22,66.54,5.45,0.67,1011.56,0.0,0
2019-11-02,25.98,64.46,4.89,10.38,1012.5,0.0,0
2019-11-03,24.61,77.54,6.1,52.29,1014.17,0.0,0
2019-11-04,24.29,74.58,7.52,10.67,1014.11,0.0,0
2019-11-05,23.19,66.29,8.43,10.88,1011.93,0.0,0
2019-11-06,23.04,63.08,5.9,59.5,1009.64,0.0,0
2019-11-07,23.71,63.17,9.22,67.38,1009.73,0.2,0
2019-11-08,23.31,69.54,6.44,18.96,1012.3,0.9,0
2019-11-09,22.8,68.46,6.99,2.17,1013.1,0.0,0
2019-11-10,22.85,59.17,5.79,0.0,1013.55,0.0,0
2019-11-11,22.55,66.38,4.88,1.71,1012.48,0.0,0
2019-11-12,22.62,74.25,4.67,8.0,1013.33,0.0,0
2019-11-13,23.83,73.38,5.31,63.42,1015.11,0.0,0
2019-11-14,23.25,76.04,5.67,33.96,1015.79,0.1,0
2019-11-15,22.08,74.29,5.25,14.38,1015.14,0.0,0
2019-11-16,22.15,70.62,7.68,47.58,1014.79,0.0,0
2019-11-17,22.31,64.25,10.67,0.25,1015.19,0.0,0
2019-11-18,20.99,69.33,7.48,64.88,1015.05,0.0,0
2019-11-19,20.44,70.21,5.54,68.96,1014.24,0.0,0
2019-11-20,20.54,67.08,5.67,29.29,1014.55,0.0,0
2019-11-21,20.3,67.92,6.55,64.79,1016.19,0.0,0
2019-11-22,20.3,71.46,5.18,83.33,1016.51,0.0,0
2019-11-23,20.61,73.21,6.44,94.67,1015.99,0.0,0
2019-11-24,21.23,73.38,6.21,85.92,1015.26,0.0,0
2019-11-25,20.88,73.08,5.4,28.88,1015.61,0.0,0
2019-11-26,21.08,72.04,7.87,3.46,1015.01,0.0,0
2019-11-27,21.62,73.75,7.85,24.17,1014.63,0.1,0
2019-11-28,21.53,78.5,9.51,29.21,1015.02,4.4,1
2019-11-29,19.73,86.25,5.95,48.75,1016.18,27.8,1
2019-11-30,18.84,84.92,6.21,32.92,1016.6,0.1,0
2019-12-01,18.31,82.25,5.46,7.42,1016.47,0.0,0
2019-12-02,18.11,75.67,5.91,10.71,1017.39,0.0,0
2019-12-03,15.97,70.08,6.5,0.0,1017.31,0.0,0
2019-12-04,16.03,68.25,6.12,0.0,1018.97,0.0,0
2019-12-05,15.95,75.38,5.17,40.46,1020.63,0.0,0
2019-12-06,16.26,77.29,4.13,82.29,1020.04,0.0,0
2019-12-07,16.61,81.46,4.44,40.62,1018.74,0.0,0
2019-12-08,16.1,79.71,5.82,6.58,1018.66,0.0,0
2019-12-09,16.6,76.08,4.96,26.54,1017.99,0.0,0
2019-12-10,15.99,76.29,4.72,8.46,1015.62,0.0,0
2019-12-11,16.6,77.38,7.31,86.08,1013.76,0.0,0
2019-12-12,16.18,82.79,13.0,74.33,1012.31,4.0,1
2019-12-13,17.59,85.62,8.42,41.17,1013.0,12.0,1
2019-12-14,14.83,83.42,7.73,37.75,1019.36,0.0,0
2019-12-15,13.38,80.17,7.42,2.79,1019.33,0.0,0
2019-12-16,12.64,81.67,8.02,3.58,1019.68,0.0,0
2019-12-17,11.31,80.42,7.77,17.83,1021.13,0.0,0
2019-12-18,11.06,82.58,6.84,15.08,1020.21,0.0,0
2019-12-19,11.35,83.46,5.44,72.75,1018.38,0.0,0
2019-12-20,12.97,83.17,4.32,93.12,1016.18,0.0,0
2019-12-21,14.52,78.08,5.7,28.46,1016.54,0.0,0
2019-12-22,13.51,79.29,7.32,2.83,1018.0,0.0,0
2019-12-23,12.07,81.04,7.25,31.08,1017.48,0.0,0
2019-12-24,12.41,82.79,6.48,61.88,1018.58,0.0,0
2019-12-25,11.48,84.88,5.44,38.71,1018.19,0.0,0
2019-12-26,10.4,77.75,5.92,0.0,1018.15,0.0,0
2019-12-27,8.76,85.67,4.78,38.29,1019.22,0.0,0
2019-12-28,7.75,90.17,5.22,54.92,1019.98,0.0,0
2019-12-29,6.96,89.33,3.65,54.29,1020.49,0.0,0
2019-12-30,6.26,90.21,5.56,53.83,1019.75,0.0,0
2019-12-31,7.05,88.71,7.28,70.83,1020.19,0.0,0
2020-01-01,11.5,80.5,8.07,44.71,1020.39,0.0,0
2020-01-02,13.08,86.46,8.04,38.62,1019.86,0.2,0
2020-01-03,14.32,86.54,7.31,19.12,1017.88,0.1,0
2020-01-04,13.67,86.75,3.5,50.17,1017.72,0.0,0
2020-01-05,14.08,80.96,5.52,12.88,1018.26,0.0,0
2020-01-06,14.94,78.25,5.63,40.33,1018.75,0.0,0
2020-01-07,16.85,75.04,10.4,28.92,1015.71,0.0,0
2020-01-08,15.92,84.0,9.44,39.54,1013.19,4.0,1
2020-01-09,11.96,80.67,10.53,7.67,1019.25,0.0,0
2020-01-10,10.16,75.58,7.27,0.38,1020.4,0.0,0
2020-01-11,11.74,71.08,5.0,0.54,1019.72,0.0,0
2020-01-12,13.61,69.25,4.83,0.0,1016.8,0.0,0
2020-01-13,15.47,76.88,6.95,23.33,1011.71,0.4,0
2020-01-14,15.5,88.62,6.78,48.58,1014.37,0.5,0
2020-01-15,15.63,85.33,7.21,48.46,1015.56,3.6,1
2020-01-16,15.65,89.58,8.26,87.21,1014.0,4.0,1
2020-01-17,15.2,86.25,6.35,61.29,1015.93,0.9,0
2020-01-18,14.25,83.62,2.94,48.25,1017.93,0.2,0
2020-01-19,13.16,83.04,6.75,31.46,1018.83,0.0,0
2020-01-20,11.95,81.5,5.55,43.54,1018.28,0.0,0
2020-01-21,13.54,81.83,7.88,40.75,1018.25,0.0,0
2020-01-22,12.81,83.08,7.0,0.04,1020.02,0.0,0
2020-01-23,12.67,72.17,10.05,40.54,1019.55,0.0,0
2020-01-24,12.56,65.08,10.25,50.08,1017.38,0.0,0
2020-01-25,13.48,69.67,4.82,0.0,1016.86,0.0,0
2020-01-26,14.48,72.88,4.93,3.67,1014.94,0.0,0
2020-01-27,16.72,70.42,9.67,24.58,1011.45,0.0,0
2020-01-28,17.2,73.75,8.76,19.08,1009.75,0.2,0
2020-01-29,14.98,76.0,10.62,16.46,1015.76,0.0,0
2020-01-30,13.6,69.88,8.74,1.83,1017.83,0.0,0
2020-01-31,13.02,72.58,6.09,0.21,1015.75,0.0,0
2020-02-01,13.37,74.58,7.13,5.12,1017.77,0.0,0
2020-02-02,13.73,68.67,6.51,0.54,1020.03,0.0,0
2020-02-03,13.44,69.42,4.07,0.04,1018.9,0.0,0
2020-02-04,14.43,72.96,7.86,13.25,1016.52,0.0,0
2020-02-05,14.87,70.58,6.27,4.21,1016.66,0.0,0
2020-02-06,14.47,75.58,6.36,3.08,1016.34,0.0,0
2020-02-07,14.58,73.75,8.25,7.88,1018.36,0.0,0
2020-02-08,13.95,68.75,7.91,0.0,1020.87,0.0,0
2020-02-09,14.6,68.5,5.33,9.12,1021.36,0.0,0
2020-02-10,14.17,67.04,5.81,19.88,1019.5,0.0,0
2020-02-11,15.05,67.96,5.91,5.75,1019.31,0.0,0
2020-02-12,16.75,64.42,7.7,41.29,1018.84,0.0,0
2020-02-13,19.42,60.08,12.26,2.75,1015.9,0.0,0
2020-02-14,19.22,50.42,12.76,37.96,1013.26,0.0,0
2020-02-15,18.4,43.04,10.69,23.08,1013.81,0.0,0
2020-02-16,18.15,50.88,7.24,0.0,1016.34,0.0,0
2020-02-17,18.21,57.04,7.48,18.04,1017.34,0.0,0
2020-02-18,18.87,56.04,8.04,0.0,1014.91,0.0,0
2020-02-19,20.24,51.58,9.9,70.46,1013.02,0.0,0
2020-02-20,22.55,51.58,14.23,47.0,1011.88,0.0,0
2020-02-21,21.11,59.75,14.27,13.46,1014.52,0.1,0
2020-02-22,18.13,79.12,6.68,47.79,1019.23,0.0,0
2020-02-23,19.35,74.62,5.9,19.17,1017.33,0.0,0
2020-02-24,19.34,74.17,7.25,22.33,1014.15,0.1,0
2020-02-25,19.48,66.12,8.26,5.58,1013.48,0.0,0
2020-02-26,20.7,59.92,6.02,15.71,1014.0,0.0,0
2020-02-27,21.77,59.67,8.48,51.79,1014.16,0.0,0
2020-02-28,22.66,59.04,12.36,87.62,1012.63,0.0,0
2020-02-29,21.1,72.33,11.29,62.5,1011.85,5.2,1
2020-03-01,21.7,70.62,10.42,18.71,1012.36,0.9,0
2020-03-02,22.25,70.83,6.28,18.33,1011.95,0.1,0
2020-03-03,22.58,67.12,5.7,20.17,1010.67,0.0,0
2020-03-04,20.95,74.42,8.28,32.46,1010.12,9.7,1
2020-03-05,21.08,69.42,11.92,33.96,1009.42,0.3,0
2020-03-06,19.96,75.42,9.52,39.0,1008.55,3.1,1
2020-03-07,18.61,73.17,7.33,40.17,1013.47,0.0,0
2020-03-08,18.54,66.46,6.73,13.62,1015.7,0.0,0
2020-03-09,19.06,55.29,9.45,29.54,1013.33,0.0,0
2020-03-10,19.09,62.0,7.4,40.12,1011.94,0.1,0
2020-03-11,21.54,65.75,10.01,28.71,1009.1,1.7,1
2020-03-12,22.16,52.67,7.86,24.83,1011.52,0.0,0
2020-03-13,21.32,38.62,10.15,2.29,1013.03,0.0,0
2020-03-14,19.85,53.0,7.69,2.71,1013.6,0.0,0
2020-03-15,19.15,64.12,7.34,40.21,1015.75,0.0,0
2020-03-16,19.7,59.54,4.7,40.33,1016.18,0.0,0
2020-03-17,20.88,57.08,5.89,0.17,1016.09,0.0,0
2020-03-18,22.09,53.92,6.62,5.17,1014.3,0.0,0
2020-03-19,24.32,45.25,7.83,57.04,1010.7,0.0,0
2020-03-20,24.63,45.54,6.61,55.62,1009.7,0.3,0
2020-03-21,25.23,46.71,7.8,42.29,1009.88,0.6,0
2020-03-22,25.35,46.25,6.59,24.96,1011.45,0.0,0
2020-03-23,25.48,48.92,5.76,55.54,1011.32,0.0,0
2020-03-24,26.12,52.67,8.05,53.5,1010.05,0.0,0
2020-03-25,27.14,48.33,6.48,60.62,1010.35,0.0,0
2020-03-26,26.23,48.5,11.09,86.42,1011.48,0.0,0
2020-03-27,21.86,73.38,7.85,71.92,1014.13,11.2,1
2020-03-28,22.66,64.54,8.2,1.46,1013.64,0.0,0
2020-03-29,23.48,52.96,10.04,0.0,1012.15,0.0,0
2020-03-30,24.42,49.0,8.11,2.96,1012.04,0.0,0
2020-03-31,25.35,48.21,5.24,27.25,1010.53,0.0,0
2020-04-01,26.84,46.58,8.18,4.38,1009.24,0.0,0
2020-04-02,25.79,43.08,9.9,0.0,1009.9,0.0,0
2020-04-03,25.19,37.33,8.94,0.17,1011.61,0.0,0
2020-04-04,25.68,36.08,6.58,0.12,1011.64,0.0,0
2020-04-05,27.18,37.83,5.92,3.71,1011.65,0.0,0
2020-04-06,28.37,34.79,8.58,14.0,1010.06,0.0,0
2020-04-07,28.81,30.71,7.04,21.33,1007.98,0.0,0
2020-04-08,28.14,35.08,7.71,44.83,1008.64,0.0,0
2020-04-09,28.01,33.17,8.56,21.12,1009.93,0.0,0
2020-04-10,29.0,29.83,5.8,24.12,1010.73,0.0,0
2020-04-11,30.44,27.58,9.74,22.58,1010.95,0.0,0
2020-04-12,30.08,33.88,9.1,15.33,1009.57,0.0,0
2020-04-13,31.08,32.71,7.98,33.0,1007.58,0.0,0
2020-04-14,32.74,28.75,8.83,88.21,1007.68,0.0,0
2020-04-15,32.83,25.29,11.96,44.92,1007.53,0.0,0
2020-04-16,32.71,25.08,10.48,28.12,1005.38,0.0,0
2020-04-17,32.07,27.17,8.83,62.71,1005.4,0.0,0
2020-04-18,31.66,26.58,9.49,22.79,1006.41,0.0,0
2020-04-19,30.1,33.67,10.19,52.33,1006.57,0.0,0
2020-04-20,28.93,37.25,7.05,71.17,1007.83,0.2,0
2020-04-21,29.02,37.58,9.6,26.62,1008.19,0.0,0
2020-04-22,30.25,31.58,6.91,50.96,1006.6,0.0,0
2020-04-23,28.94,36.29,7.67,54.96,1006.72,0.4,0
2020-04-24,30.61,37.25,7.48,24.88,1004.74,0.0,0
2020-04-25,29.98,38.83,6.87,34.5,1005.34,0.3,0
2020-04-26,28.65,50.17,10.46,20.75,1007.71,1.7,1
2020-04-27,28.3,57.62,10.07,16.88,1010.22,1.5,1
2020-04-28,29.38,53.54,9.5,21.29,1010.02,0.8,0
2020-04-29,30.54,46.92,6.99,3.79,1008.03,0.0,0
2020-04-30,31.51,41.17,11.25,31.88,1007.44,0.3,0
2020-05-01,33.09,34.58,10.97,12.08,1005.57,0.0,0
2020-05-02,32.62,45.21,12.08,11.46,1004.74,0.0,0
2020-05-03,30.59,54.42,14.06,28.83,1005.6,12.7,1
2020-05-04,30.32,55.46,6.48,31.25,1007.06,0.0,0
2020-05-05,30.11,49.88,9.53,22.5,1007.02,1.0,1
2020-05-06,30.81,42.71,10.3,29.58,1006.23,0.0,0
2020-05-07,30.73,40.92,6.56,7.96,1006.2,0.0,0
2020-05-08,33.07,35.96,9.4,21.75,1004.55,0.0,0
2020-05-09,33.75,30.67,10.89,18.62,1004.9,0.0,0
2020-05-10,31.45,44.83,12.05,39.83,1006.2,0.0,0
2020-05-11,31.3,49.25,7.82,27.88,1007.59,0.0,0
2020-05-12,32.33,42.62,8.88,38.33,1006.68,0.0,0
2020-05-13,32.56,40.38,8.26,31.54,1005.26,0.1,0
2020-05-14,33.83,37.62,6.78,19.0,1004.68,0.0,0
2020-05-15,33.95,35.17,7.74,24.75,1004.08,0.0,0
2020-05-16,33.67,29.29,10.12,12.88,1003.71,0.0,0
2020-05-17,33.98,26.71,7.95,17.5,1002.49,0.0,0
2020-05-18,34.67,21.92,8.12,11.33,1001.11,0.0,0
2020-05-19,33.97,19.58,8.96,11.79,1000.31,0.0,0
2020-05-20,33.01,19.71,8.93,0.25,999.94,0.0,0
2020-05-21,33.51,19.71,11.68,0.0,999.98,0.0,0
2020-05-22,35.7,16.83,11.42,0.0,999.76,0.0,0
2020-05-23,37.38,19.58,12.65,17.38,1000.93,0.0,0
2020-05-24,37.65,19.58,14.39,13.67,1001.26,0.0,0
2020-05-25,37.35,17.33,10.15,16.88,1001.1,0.0,0
2020-05-26,38.28,19.21,16.89,36.42,1000.11,0.0,0
2020-05-27,37.96,22.5,17.98,20.0,998.29,0.0,0
2020-05-28,35.09,36.29,13.9,15.62,998.8,0.0,0
2020-05-29,33.57,46.71,16.95,16.04,1001.56,0.1,0
2020-05-30,29.48,63.29,12.35,43.38,1004.51,6.7,1
2020-05-31,29.52,64.42,8.18,38.88,1006.04,7.2,1
2020-06-01,31.0,54.54,6.72,22.92,1006.52,0.0,0
2020-06-02,31.82,46.62,5.68,15.54,1004.99,0.0,0
2020-06-03,32.73,43.88,5.2,64.12,1002.74,0.0,0
2020-06-04,28.24,62.67,7.15,97.96,1002.93,1.2,1
2020-06-05,29.08,62.75,4.46,22.46,1002.67,0.0,0
2020-06-06,30.55,55.92,8.57,23.67,1001.8,0.4,0
2020-06-07,32.21,50.42,8.6,19.96,1001.56,0.2,0
2020-06-08,33.36,42.88,7.8,12.67,1001.14,0.0,0
2020-06-09,34.67,38.46,8.99,17.62,1000.73,0.0,0
2020-06-10,35.82,37.83,7.09,16.38,999.82,0.0,0
2020-06-11,35.55,41.62,8.52,17.42,998.54,0.0,0
2020-06-12,35.73,43.33,10.35,16.88,997.47,0.0,0
2020-06-13,35.91,43.29,12.32,27.58,997.67,0.0,0
2020-06-14,35.02,49.58,9.03,38.62,999.42,0.5,0
2020-06-15,35.34,47.08,9.75,19.42,998.0,0.0,0
2020-06-16,35.69,45.88,8.1,22.5,995.75,0.0,0
2020-06-17,35.73,45.58,13.58,45.04,994.99,0.0,0
2020-06-18,36.6,44.08,10.89,52.38,995.52,0.0,0
2020-06-19,36.8,43.42,13.54,63.83,997.52,0.0,0
2020-06-20,36.16,42.21,12.62,41.04,999.27,0.0,0
2020-06-21,34.35,49.58,8.08,34.17,999.04,0.4,0
2020-06-22,33.25,52.92,9.68,33.25,998.81,0.6,0
2020-06-23,31.22,68.08,9.02,89.67,1000.86,3.4,1
2020-06-24,29.28,80.42,6.09,98.46,1002.07,20.0,1
2020-06-25,31.4,71.12,7.4,87.33,1000.1,0.3,0
2020-06-26,32.48,62.25,14.05,74.92,999.44,0.7,0
2020-06-27,32.41,63.92,16.84,67.46,999.51,1.7,1
2020-06-28,34.73,52.67,17.38,62.75,998.21,0.0,0
2020-06-29,35.12,50.42,13.39,44.42,999.1,0.0,0
2020-06-30,32.59,63.54,9.14,36.12,1000.2,0.0,0
2020-07-01,33.1,61.54,6.0,17.83,999.08,0.3,0
2020-07-02,34.62,57.33,6.86,20.42,996.95,0.0,0
2020-07-03,34.75,57.58,10.15,55.12,996.55,41.5,1
2020-07-04,33.33,66.33,11.06,57.67,996.47,0.3,0
2020-07-05,31.48,70.04,10.84,85.92,996.76,1.7,1
2020-07-06,30.38,72.71,8.59,90.46,997.35,8.4,1
2020-07-07,29.08,79.0,10.25,95.42,999.62,8.3,1
2020-07-08,29.41,83.25,6.89,90.46,1001.27,6.2,1
2020-07-09,30.63,74.75,11.09,98.54,998.68,1.4,1
2020-07-10,31.94,63.71,18.01,94.29,997.15,1.8,1
2020-07-11,32.34,61.08,17.72,57.75,997.26,0.1,0
2020-07-12,31.19,69.42,15.78,44.12,998.57,1.7,1
2020-07-13,30.79,72.67,13.67,85.88,998.9,1.4,1
2020-07-14,31.8,69.17,6.22,88.83,999.35,0.3,0
2020-07-15,31.07,73.12,8.84,54.0,999.26,4.1,1
2020-07-16,29.92,79.29,10.42,85.71,998.28,5.5,1
2020-07-17,31.79,70.62,11.02,36.67,998.91,0.2,0
2020-07-18,32.33,69.54,5.12,62.17,1000.18,3.2,1
2020-07-19,32.46,68.58,12.21,97.54,999.28,7.2,1
2020-07-20,29.66,78.5,12.63,89.38,998.55,8.9,1
2020-07-21,29.52,77.67,9.99,78.79,1000.9,3.7,1
2020-07-22,29.71,76.29,11.15,81.62,1001.97,3.7,1
2020-07-23,29.99,73.83,8.84,35.96,1001.06,1.4,1
2020-07-24,30.04,74.08,5.2,39.58,1003.18,1.6,1
2020-07-25,30.6,73.17,9.54,81.12,1004.42,0.7,0
2020-07-26,31.3,70.5,4.38,45.75,1004.73,0.1,0
2020-07-27,31.75,68.5,10.77,58.0,1002.82,3.7,1
2020-07-28,30.86,73.08,11.11,99.71,1001.2,7.9,1
2020-07-29,27.55,87.62,8.83,100.0,1001.8,18.3,1
2020-07-30,29.1,78.62,5.0,87.08,1002.52,1.8,1
2020-07-31,30.22,76.67,6.71,78.67,1001.67,3.7,1
2020-08-01,30.41,75.33,7.16,98.5,1001.08,1.8,1
2020-08-02,31.48,72.33,10.55,57.67,999.42,0.4,0
2020-08-03,30.88,72.04,14.32,89.21,996.08,3.2,1
2020-08-04,30.17,80.0,9.01,81.5,993.7,8.3,1
2020-08-05,29.68,80.12,10.81,79.25,993.6,7.6,1
2020-08-06,28.65,83.83,18.75,73.17,995.55,11.7,1
2020-08-07,29.24,80.12,12.1,67.67,999.45,1.2,1
2020-08-08,29.49,82.46,8.02,68.96,998.78,5.0,1
2020-08-09,29.22,83.08,8.81,99.33,997.95,6.0,1
2020-08-10,29.14,85.92,2.89,98.62,998.68,16.1,1
2020-08-11,29.37,85.67,8.05,94.92,998.89,8.2,1
2020-08-12,27.83,91.21,11.38,99.21,998.92,63.3,1
2020-08-13,27.52,91.21,8.52,98.88,997.37,18.2,1
2020-08-14,28.33,87.75,5.6,97.83,996.2,15.0,1
2020-08-15,28.8,85.79,6.38,95.5,996.54,2.7,1
2020-08-16,28.97,86.25,4.47,78.67,997.76,16.5,1
2020-08-17,29.75,82.04,4.71,43.71,997.84,8.7,1
2020-08-18,29.59,82.58,5.13,60.29,998.61,26.8,1
2020-08-19,27.96,88.04,7.39,99.83,998.84,17.5,1
2020-08-20,28.19,85.92,8.78,85.92,999.95,6.8,1
2020-08-21,28.4,80.92,14.43,49.79,1000.62,5.8,1
2020-08-22,27.95,82.88,18.38,65.42,999.26,4.0,1
2020-08-23,27.99,82.75,16.18,72.04,998.47,8.4,1
2020-08-24,28.08,80.83,11.37,72.67,1000.76,4.1,1
2020-08-25,28.3,77.62,11.72,42.12,1003.38,4.0,1
2020-08-26,28.36,78.29,12.53,81.83,1004.52,2.3,1
2020-08-27,27.98,84.17,8.39,88.62,1003.39,6.8,1
2020-08-28,28.08,86.25,6.19,82.92,1001.2,15.4,1
2020-08-29,27.53,86.5,10.72,64.75,999.85,13.1,1
2020-08-30,27.99,79.96,14.0,34.79,999.62,2.5,1
2020-08-31,28.28,76.08,10.1,45.04,1003.74,0.0,0
2020-09-01,28.23,75.88,10.93,74.17,1005.57,0.3,0
2020-09-02,28.05,82.83,7.08,95.54,1006.82,2.5,1
2020-09-03,27.8,87.38,7.04,69.54,1006.06,26.8,1
2020-09-04,28.4,86.25,5.5,40.58,1006.02,8.6,1
2020-09-05,28.83,82.5,9.25,33.92,1004.55,2.5,1
2020-09-06,29.14,79.79,7.88,15.42,1003.35,0.9,0
2020-09-07,29.46,77.92,7.76,21.38,1003.74,0.7,0
2020-09-08,29.04,83.0,6.68,49.46,1004.53,4.0,1
2020-09-09,29.68,80.21,6.2,65.08,1004.23,0.8,0
2020-09-10,30.14,73.21,7.33,72.25,1001.9,0.0,0
2020-09-11,30.26,69.5,5.68,56.17,1002.01,0.0,0
2020-09-12,30.62,68.83,4.64,71.88,1004.45,0.0,0
2020-09-13,30.23,70.29,5.02,60.29,1004.48,0.0,0
2020-09-14,30.4,71.33,5.15,81.29,1003.37,0.0,0
2020-09-15,30.8,69.29,6.03,81.0,1002.65,0.0,0
2020-09-16,31.04,67.54,5.03,60.38,1002.7,0.0,0
2020-09-17,31.74,64.0,8.1,71.0,1002.39,0.0,0
2020-09-18,32.13,62.67,9.75,69.62,1001.7,0.0,0
2020-09-19,31.96,63.71,7.73,46.21,1001.07,0.0,0
2020-09-20,31.13,66.54,7.9,29.04,1000.43,0.0,0
2020-09-21,30.62,73.46,5.18,43.38,999.4,1.2,1
2020-09-22,30.23,73.92,9.19,75.58,999.76,1.4,1
2020-09-23,28.73,77.58,10.02,91.67,1000.28,0.0,0
2020-09-24,29.85,72.62,6.6,55.88,1002.25,0.1,0
2020-09-25,30.64,62.38,10.08,24.71,1002.5,0.0,0
2020-09-26,30.51,54.79,8.96,21.54,1002.4,0.0,0
2020-09-27,29.46,64.38,8.26,27.17,1005.31,0.4,0
2020-09-28,30.12,55.58,7.62,17.25,1006.23,0.0,0
2020-09-29,29.78,49.54,8.06,13.08,1005.82,0.0,0
2020-09-30,30.02,45.08,9.39,9.54,1004.55,0.0,0
2020-10-01,29.17,48.79,9.09,11.42,1004.26,0.0,0
2020-10-02,29.55,46.21,6.83,40.04,1004.69,0.0,0
2020-10-03,28.24,47.25,7.42,0.0,1005.72,0.0,0
2020-10-04,28.35,46.29,6.63,6.79,1006.45,0.0,0
2020-10-05,27.24,49.75,8.19,0.0,1006.4,0.0,0
2020-10-06,27.32,46.79,7.59,11.12,1006.86,0.0,0
2020-10-07,27.48,48.79,8.56,25.83,1008.37,0.0,0
2020-10-08,27.88,45.5,6.59,64.5,1008.85,0.0,0
2020-10-09,27.64,46.75,5.31,6.92,1009.06,0.0,0
2020-10-10,27.59,49.33,6.17,30.21,1007.84,0.0,0
2020-10-11,27.75,53.42,5.36,33.71,1005.98,0.0,0
2020-10-12,28.3,50.79,3.94,19.38,1004.38,0.0,0
2020-10-13,29.29,53.75,5.41,33.33,1004.71,0.0,0
2020-10-14,29.78,55.62,8.05,37.38,1005.89,0.0,0
2020-10-15,29.78,57.88,8.9,15.5,1006.35,0.0,0
2020-10-16,29.58,51.83,8.53,8.0,1006.52,0.1,0
2020-10-17,29.12,49.88,7.45,0.04,1007.36,0.0,0
2020-10-18,28.95,47.17,7.04,3.08,1007.79,0.0,0
2020-10-19,28.28,38.67,5.98,34.33,1007.72,0.0,0
2020-10-20,27.22,37.04,7.2,7.33,1007.6,0.0,0
2020-10-21,27.21,35.67,5.23,4.88,1008.46,0.0,0
2020-10-22,27.22,40.04,6.42,14.46,1006.9,0.0,0
2020-10-23,27.06,49.04,5.62,5.54,1006.71,0.0,0
2020-10-24,26.97,48.5,6.72,16.12,1007.71,0.0,0
2020-10-25,26.78,37.79,8.05,16.92,1010.36,0.0,0
2020-10-26,26.78,35.67,6.74,30.25,1011.64,0.0,0
2020-10-27,25.19,40.83,5.62,1.17,1011.48,0.0,0
2020-10-28,24.6,39.58,5.55,0.0,1012.32,0.0,0
2020-10-29,24.65,40.67,5.14,0.12,1013.0,0.0,0
2020-10-30,23.53,40.67,6.38,0.0,1013.04,0.0,0
2020-10-31,22.8,38.46,9.49,0.0,1013.1,0.0,0
2020-11-01,21.9,39.62,8.38,0.0,1013.98,0.0,0
2020-11-02,22.01,33.38,9.78,0.0,1014.82,0.0,0
2020-11-03,22.31,31.71,10.9,0.0,1014.03,0.0,0
2020-11-04,22.0,34.92,9.03,0.0,1012.87,0.0,0
2020-11-05,23.15,37.33,6.28,0.0,1013.97,0.0,0
2020-11-06,23.12,40.62,4.86,0.0,1016.51,0.0,0
2020-11-07,22.7,41.46,5.23,0.0,1017.51,0.0,0
2020-11-08,22.1,44.88,5.63,0.0,1017.98,0.0,0
2020-11-09,21.89,44.62,6.61,0.0,1016.46,0.0,0
2020-11-10,20.88,52.88,5.8,0.0,1015.05,0.0,0
2020-11-11,21.3,53.67,6.8,0.58,1016.56,0.0,0
2020-11-12,21.88,51.29,5.35,7.83,1017.84,0.0,0
2020-11-13,22.41,52.88,6.15,4.5,1016.92,0.0,0
2020-11-14,23.15,49.04,5.49,2.33,1014.72,0.0,0
2020-11-15,22.87,63.92,10.46,41.42,1014.13,12.1,1
2020-11-16,21.74,81.96,8.39,41.04,1015.45,14.2,1
2020-11-17,21.25,77.79,4.95,18.83,1014.23,0.0,0
2020-11-18,20.74,75.62,5.97,32.42,1013.06,0.6,0
2020-11-19,20.02,81.71,6.19,39.12,1013.12,2.9,1
2020-11-20,17.93,63.58,8.11,0.08,1015.29,0.0,0
2020-11-21,16.62,58.04,8.41,0.0,1016.36,0.0,0
2020-11-22,16.34,61.71,6.09,25.08,1016.98,0.0,0
2020-11-23,16.19,64.88,6.21,0.12,1017.0,0.0,0
2020-11-24,17.09,63.25,7.77,17.08,1016.13,0.0,0
2020-11-25,18.26,62.42,10.24,37.42,1015.82,0.0,0
2020-11-26,17.5,74.29,9.63,20.25,1018.0,0.0,0
2020-11-27,17.83,69.38,8.47,0.12,1020.3,0.0,0
2020-11-28,17.59,59.88,7.61,0.0,1019.66,0.0,0
2020-11-29,17.29,62.67,4.98,0.0,1018.26,0.0,0
2020-11-30,17.17,65.54,4.58,0.0,1017.2,0.0,0
2020-12-01,18.08,65.46,6.23,0.0,1017.19,0.0,0
2020-12-02,18.42,64.25,7.03,0.0,1015.47,0.0,0
2020-12-03,19.29,66.54,6.06,0.0,1014.33,0.0,0
2020-12-04,19.17,67.96,4.9,0.0,1012.86,0.0,0
2020-12-05,20.3,62.04,5.7,0.0,1013.0,0.0,0
2020-12-06,20.65,65.54,4.7,0.0,1015.02,0.0,0
2020-12-07,20.24,64.54,5.3,0.0,1016.98,0.0,0
2020-12-08,19.04,70.71,5.04,4.17,1016.96,0.0,0
2020-12-09,19.97,69.79,6.09,0.0,1015.0,0.0,0
2020-12-10,20.8,66.5,6.03,0.0,1014.22,0.0,0
2020-12-11,19.41,72.46,7.43,60.79,1014.82,1.1,1
2020-12-12,19.37,83.5,5.94,37.54,1014.92,0.8,0
2020-12-13,18.08,73.79,8.12,18.58,1014.79,0.0,0
2020-12-14,15.7,62.62,7.22,22.08,1016.23,0.0,0
2020-12-15,15.36,63.42,7.13,57.17,1018.37,0.0,0
2020-12-16,15.07,62.25,8.29,18.21,1020.26,0.0,0
2020-12-17,12.28,60.96,9.26,0.0,1020.47,0.0,0
2020-12-18,11.7,60.92,8.35,0.0,1019.16,0.0,0
2020-12-19,13.12,61.17,7.59,0.0,1019.51,0.0,0
2020-12-20,13.78,62.08,7.95,61.88,1019.61,0.0,0
2020-12-21,14.49,66.42,5.89,41.67,1017.65,0.0,0
2020-12-22,15.49,66.96,3.5,82.12,1016.24,0.0,0
2020-12-23,15.5,68.79,4.94,6.5,1015.12,0.0,0
2020-12-24,15.51,64.96,5.6,0.0,1015.37,0.0,0
2020-12-25,15.4,61.12,3.22,0.0,1016.83,0.0,0
2020-12-26,14.35,67.42,6.86,8.21,1016.15,0.0,0
2020-12-27,15.76,67.25,8.88,3.88,1013.51,0.0,0
2020-12-28,13.92,50.08,12.27,0.67,1015.74,0.0,0
2020-12-29,11.03,63.38,8.98,0.0,1017.76,0.0,0
2020-12-30,10.33,70.21,8.11,0.0,1019.19,0.0,0
2020-12-31,10.57,70.71,7.04,0.0,1018.83,0.0,0
2021-01-01,13.11,70.04,8.48,9.62,1017.45,0.0,0
2021-01-02,15.21,77.62,9.04,63.96,1016.12,4.6,1
2021-01-03,17.73,80.08,10.1,46.04,1013.98,1.0,1
2021-01-04,18.88,76.46,11.6,60.04,1014.9,0.0,0
2021-01-05,19.49,75.62,9.84,37.38,1014.9,0.2,0
2021-01-06,18.52,83.54,6.12,35.38,1014.42,2.9,1
2021-01-07,17.52,83.75,7.55,19.92,1014.41,0.0,0
2021-01-08,16.25,84.96,6.85,32.96,1014.1,6.4,1
2021-01-09,17.25,85.5,6.48,58.75,1014.75,1.4,1
2021-01-10,16.08,81.42,9.89,49.96,1015.4,0.0,0
2021-01-11,12.96,69.79,9.86,10.25,1016.78,0.0,0
2021-01-12,12.01,74.04,7.6,7.12,1017.14,0.0,0
2021-01-13,11.95,70.92,6.69,0.0,1016.3,0.0,0
2021-01-14,12.79,70.83,5.25,18.62,1016.22,0.0,0
2021-01-15,12.96,75.08,5.24,21.58,1014.55,0.0,0
2021-01-16,13.24,78.12,5.17,16.75,1013.13,0.0,0
2021-01-17,14.63,75.29,11.85,8.25,1014.7,0.0,0
2021-01-18,15.94,75.62,11.69,37.21,1015.34,0.5,0
2021-01-19,15.17,81.96,7.04,8.88,1013.69,0.0,0
2021-01-20,15.2,78.0,7.78,0.0,1014.45,0.0,0
2021-01-21,14.79,72.58,8.0,0.5,1013.86,0.0,0
2021-01-22,14.98,69.33,9.15,4.33,1014.43,0.0,0
2021-01-23,15.8,74.83,9.52,0.0,1012.75,0.0,0
2021-01-24,14.63,83.08,7.23,15.33,1015.07,0.0,0
2021-01-25,12.16,76.29,7.43,0.08,1018.09,0.0,0
2021-01-26,11.3,78.54,6.89,11.92,1018.07,0.0,0
2021-01-27,13.27,69.17,6.12,0.0,1017.59,0.0,0
2021-01-28,11.97,73.33,7.08,1.5,1018.12,0.0,0
2021-01-29,11.86,71.83,7.42,0.0,1018.88,0.0,0
2021-01-30,12.66,66.62,7.65,5.33,1017.55,0.0,0
2021-01-31,13.2,68.79,6.18,0.0,1017.76,0.0,0
2021-02-01,15.92,61.04,6.15,0.0,1018.94,0.0,0
2021-02-02,15.96,64.54,6.24,0.0,1017.57,0.0,0
2021-02-03,18.65,63.62,8.26,3.71,1015.39,0.1,0
2021-02-04,18.71,66.62,9.91,41.79,1015.1,0.5,0
2021-02-05,16.27,75.17,9.08,11.0,1016.9,0.1,0
2021-02-06,14.91,70.54,8.95,0.0,1018.08,0.0,0
2021-02-07,15.49,67.75,7.86,0.0,1018.33,0.0,0
2021-02-08,16.0,68.08,6.22,0.0,1017.98,0.0,0
2021-02-09,17.45,67.58,7.08,52.5,1014.99,0.0,0
2021-02-10,19.71,59.83,5.64,34.42,1012.85,0.0,0
2021-02-11,18.32,64.83,6.48,9.33,1013.39,0.0,0
2021-02-12,18.16,66.71,5.81,36.58,1014.68,0.0,0
2021-02-13,18.42,68.29,6.18,31.08,1014.87,0.0,0
2021-02-14,18.88,67.12,7.52,10.54,1014.28,0.0,0
2021-02-15,20.28,63.33,8.04,22.04,1012.4,0.0,0
2021-02-16,19.75,65.38,7.87,30.17,1011.8,0.9,0
2021-02-17,19.4,65.12,5.98,4.5,1013.72,0.0,0
2021-02-18,19.42,61.0,6.4,6.08,1016.46,0.0,0
2021-02-19,19.23,61.67,5.96,0.46,1018.88,0.0,0
2021-02-20,19.21,61.04,6.18,0.0,1018.82,0.0,0
2021-02-21,18.93,56.62,7.73,0.0,1017.42,0.0,0
2021-02-22,20.05,55.79,7.88,0.0,1015.68,0.0,0
2021-02-23,20.99,48.04,8.0,0.0,1013.13,0.0,0
2021-02-24,22.24,47.67,7.77,0.04,1011.31,0.0,0
2021-02-25,22.78,45.92,10.54,0.0,1010.02,0.0,0
2021-02-26,24.1,43.58,12.08,0.0,1008.16,0.0,0
2021-02-27,25.48,43.21,10.43,5.17,1007.42,0.0,0
2021-02-28,23.75,52.17,5.63,3.25,1009.33,0.0,0
2021-03-01,21.85,49.17,7.87,1.96,1013.32,0.0,0
2021-03-02,20.65,40.33,11.06,0.0,1014.72,0.0,0
2021-03-03,21.27,42.25,8.26,0.0,1012.87,0.0,0
2021-03-04,23.71,39.46,5.6,0.0,1011.55,0.0,0
2021-03-05,23.09,37.92,10.3,0.0,1011.27,0.0,0
2021-03-06,23.39,37.42,9.05,0.0,1011.16,0.0,0
2021-03-07,25.64,35.54,8.72,1.92,1009.44,0.0,0
2021-03-08,26.59,39.12,10.9,9.29,1010.08,0.0,0
2021-03-09,26.21,47.21,7.76,8.92,1011.06,0.0,0
2021-03-10,25.79,42.42,8.93,4.33,1011.15,0.0,0
2021-03-11,25.2,46.38,7.18,12.08,1012.47,0.0,0
2021-03-12,25.37,46.29,8.58,68.42,1014.55,0.5,0
2021-03-13,24.44,58.33,5.79,16.21,1015.37,0.0,0
2021-03-14,24.84,53.5,5.72,15.21,1012.4,0.0,0
2021-03-15,25.39,49.67,7.0,14.17,1011.33,0.0,0
2021-03-16,26.52,42.17,6.57,6.08,1011.52,0.0,0
2021-03-17,26.33,40.17,7.02,47.71,1010.0,0.0,0
2021-03-18,26.76,37.88,6.07,81.29,1010.14,0.0,0
2021-03-19,25.92,45.54,7.94,65.17,1010.11,0.0,0
2021-03-20,26.08,44.04,7.68,32.42,1008.57,0.0,0
2021-03-21,27.35,35.42,6.98,4.54,1007.9,0.0,0
2021-03-22,28.46,30.75,9.85,25.71,1010.42,0.0,0
2021-03-23,26.58,43.08,10.23,17.5,1012.28,0.1,0
2021-03-24,25.84,43.33,7.95,19.21,1012.77,0.1,0
2021-03-25,24.98,33.79,10.11,0.0,1012.82,0.0,0
2021-03-26,24.92,39.96,10.32,0.0,1011.44,0.0,0
2021-03-27,26.85,41.54,6.28,0.0,1009.15,0.0,0
2021-03-28,28.64,37.58,6.92,0.04,1006.58,0.0,0
2021-03-29,30.13,26.96,11.2,0.0,1004.27,0.0,0
2021-03-30,31.85,16.0,20.89,0.0,1000.58,0.0,0
2021-03-31,29.31,20.29,13.67,0.0,1001.4,0.0,0
2021-04-01,27.76,15.08,13.5,0.0,1002.91,0.0,0
2021-04-02,26.85,17.54,7.31,0.0,1005.55,0.0,0
2021-04-03,26.5,19.46,8.78,0.0,1008.15,0.0,0
2021-04-04,28.37,18.92,5.68,0.0,1008.98,0.0,0
2021-04-05,29.94,20.96,7.63,27.62,1007.44,0.0,0
2021-04-06,32.39,19.08,12.57,35.08,1005.77,0.0,0
2021-04-07,31.15,21.17,12.11,4.92,1007.47,0.0,0
2021-04-08,30.05,23.04,8.67,5.54,1007.26,0.0,0
2021-04-09,29.25,18.42,8.46,13.58,1008.39,0.0,0
2021-04-10,29.07,17.38,8.46,6.25,1010.15,0.0,0
2021-04-11,29.96,18.0,7.33,10.71,1010.38,0.0,0
2021-04-12,30.66,22.12,9.64,8.88,1010.6,0.0,0
2021-04-13,31.52,15.5,10.27,2.29,1008.95,0.0,0
2021-04-14,31.41,17.54,9.74,31.54,1007.66,0.0,0
2021-04-15,32.11,17.08,12.52,26.42,1006.99,0.0,0
2021-04-16,32.05,20.25,9.52,35.33,1005.61,0.0,0
2021-04-17,30.36,33.42,9.13,13.71,1008.27,0.0,0
2021-04-18,30.55,26.0,8.47,3.88,1010.08,0.0,0
2021-04-19,31.58,20.71,9.18,10.08,1006.14,0.0,0
2021-04-20,32.48,21.0,11.01,76.75,1003.84,0.0,0
2021-04-21,30.39,26.46,11.37,52.75,1007.1,0.1,0
2021-04-22,28.62,29.25,9.41,0.12,1009.61,0.0,0
2021-04-23,31.53,22.42,13.73,13.58,1006.97,0.0,0
2021-04-24,29.08,26.96,14.25,25.58,1008.1,0.0,0
2021-04-25,29.53,21.08,11.1,0.08,1008.84,0.0,0
2021-04-26,30.5,17.79,6.52,7.5,1007.35,0.0,0
2021-04-27,32.08,14.42,10.64,4.88,1006.24,0.0,0
2021-04-28,33.27,13.96,7.95,5.58,1006.54,0.0,0
2021-04-29,34.16,14.88,8.05,18.46,1006.12,0.0,0
2021-04-30,33.93,24.88,9.25,20.29,1005.59,0.0,0
2021-05-01,33.56,26.38,7.2,46.08,1005.71,0.0,0
2021-05-02,32.4,27.92,7.6,71.62,1006.96,0.0,0
2021-05-03,31.95,30.62,13.49,60.75,1006.05,0.2,0
2021-05-04,33.76,22.92,13.33,28.92,1004.06,0.0,0
2021-05-05,33.53,23.79,8.91,17.71,1003.97,0.0,0
2021-05-06,33.88,31.88,12.94,21.67,1004.97,0.0,0
2021-05-07,30.96,46.12,13.32,27.88,1007.76,0.7,0
2021-05-08,32.71,35.96,7.5,17.33,1006.59,0.0,0
2021-05-09,31.92,38.96,9.1,17.04,1005.09,1.9,1
2021-05-10,32.64,33.58,9.68,22.21,1003.33,0.0,0
2021-05-11,32.61,32.46,7.75,24.46,1002.52,0.0,0
2021-05-12,32.05,31.58,9.99,47.08,1001.08,0.0,0
2021-05-13,29.75,45.5,9.88,43.17,1002.42,0.0,0
2021-05-14,30.88,46.17,8.01,14.5,1002.54,0.1,0
2021-05-15,33.06,36.58,9.31,31.42,1003.14,0.0,0
2021-05-16,34.21,33.62,10.0,56.83,1004.32,0.0,0
2021-05-17,28.76,61.96,10.5,98.75,1006.65,8.6,1
2021-05-18,25.19,76.08,9.38,94.0,1006.21,19.1,1
2021-05-19,25.11,88.42,16.97,91.75,1001.49,30.1,1
2021-05-20,26.01,74.92,12.44,55.5,1001.59,1.5,1
2021-05-21,28.84,64.75,6.02,1.67,1004.09,0.0,0
2021-05-22,29.72,61.12,8.32,4.46,1003.78,0.0,0
2021-05-23,30.08,53.38,6.92,4.08,1004.65,0.0,0
2021-05-24,30.0,45.88,10.58,0.62,1005.12,0.0,0
2021-05-25,30.61,40.12,10.69,3.42,1001.82,0.0,0
2021-05-26,32.12,37.38,7.47,21.33,999.11,0.0,0
2021-05-27,33.24,34.25,7.58,57.17,999.25,0.0,0
2021-05-28,32.77,48.67,11.48,1.67,1000.96,0.0,0
2021-05-29,32.46,50.33,13.87,14.33,1002.72,0.0,0
2021-05-30,32.83,48.92,9.06,29.29,1002.12,0.0,0
2021-05-31,35.11,39.04,9.29,22.33,999.2,0.0,0
2021-06-01,33.67,43.08,9.82,24.46,1001.25,0.1,0
2021-06-02,32.42,47.04,6.9,21.79,1003.38,0.0,0
2021-06-03,33.64,40.25,6.66,12.12,1004.06,0.0,0
2021-06-04,34.1,38.83,7.62,61.46,1003.95,0.2,0
2021-06-05,32.98,45.17,10.5,70.12,1003.5,1.3,1
2021-06-06,34.46,40.17,10.08,34.38,1002.59,0.0,0
2021-06-07,36.13,36.5,18.57,18.5,1000.51,0.0,0
2021-06-08,37.34,30.83,16.25,24.33,998.48,0.0,0
2021-06-09,37.97,31.12,16.73,37.79,996.69,0.0,0
2021-06-10,36.29,40.0,12.55,36.08,996.4,0.3,0
2021-06-11,33.98,51.92,10.92,35.33,996.73,0.2,0
2021-06-12,34.08,51.96,13.02,17.79,997.6,0.0,0
2021-06-13,32.79,58.42,8.38,20.21,998.22,1.5,1
2021-06-14,31.81,58.0,9.3,28.38,996.72,1.0,1
2021-06-15,31.99,60.58,10.35,37.21,994.44,5.0,1
2021-06-16,32.85,55.71,8.75,22.88,995.92,0.1,0
2021-06-17,32.65,54.62,9.18,41.46,997.93,0.5,0
2021-06-18,31.2,61.46,11.59,47.29,998.59,0.3,0
2021-06-19,31.59,59.83,10.08,72.08,998.58,0.0,0
2021-06-20,32.02,57.21,10.5,50.29,999.65,0.3,0
2021-06-21,33.01,52.46,10.56,23.62,1000.55,0.1,0
2021-06-22,34.41,48.96,6.3,37.5,1000.42,0.0,0
2021-06-23,35.6,41.96,9.91,51.42,1000.15,0.0,0
2021-06-24,34.34,51.04,11.19,31.17,1000.27,0.0,0
2021-06-25,34.14,46.75,8.53,41.54,999.73,0.1,0
2021-06-26,33.55,50.25,7.64,36.92,1001.07,0.0,0
2021-06-27,34.1,50.79,11.23,39.5,1003.46,0.2,0
2021-06-28,35.05,46.83,9.01,29.83,1002.15,0.0,0
2021-06-29,37.32,36.83,10.35,17.54,999.14,0.0,0
2021-06-30,38.08,32.79,21.01,63.88,997.39,0.0,0
2021-07-01,37.06,39.17,19.29,33.75,996.03,0.0,0
2021-07-02,35.02,45.54,18.22,44.92,997.5,0.0,0
2021-07-03,33.9,47.79,10.54,32.96,1000.14,0.2,0
2021-07-04,34.93,42.5,12.95,44.79,1001.2,0.2,0
2021-07-05,34.79,45.0,13.16,45.88,1001.64,0.1,0
2021-07-06,35.81,43.5,12.56,24.67,999.98,0.0,0
2021-07-07,37.05,37.83,13.63,50.42,998.71,0.0,0
2021-07-08,37.03,35.79,12.6,87.96,998.62,0.0,0
2021-07-09,34.71,48.71,10.83,62.21,999.13,0.0,0
2021-07-10,33.48,57.62,10.23,70.88,998.99,2.5,1
2021-07-11,31.7,69.08,14.87,98.46,1000.34,9.6,1
2021-07-12,30.54,73.08,15.57,79.79,1002.09,3.7,1
2021-07-13,32.39,64.62,11.14,51.75,1001.0,0.0,0
2021-07-14,33.25,59.42,11.81,76.42,1000.3,0.5,0
2021-07-15,34.23,54.21,14.11,39.67,1000.62,0.0,0
2021-07-16,34.19,55.42,9.01,47.42,1002.54,1.1,1
2021-07-17,34.18,56.71,9.86,98.92,1001.31,9.9,1
2021-07-18,28.57,86.38,15.06,99.33,999.7,31.2,1
2021-07-19,27.82,87.21,10.33,99.92,998.47,48.4,1
2021-07-20,28.06,85.92,12.39,99.62,998.68,6.2,1
2021-07-21,29.48,76.04,11.18,88.33,997.06,3.9,1
2021-07-22,29.37,79.25,5.47,97.08,995.45,5.5,1
2021-07-23,28.91,84.17,6.41,89.75,996.53,3.4,1
2021-07-24,29.9,79.96,7.04,71.21,997.53,6.6,1
2021-07-25,30.7,72.62,12.07,58.96,996.89,1.0,1
2021-07-26,29.98,80.54,5.47,99.38,996.03,1.9,1
2021-07-27,27.92,88.08,13.18,93.67,995.52,30.5,1
2021-07-28,26.54,90.83,16.24,99.21,996.82,41.8,1
2021-07-29,27.05,88.54,14.4,98.42,997.36,17.5,1
2021-07-30,27.06,88.67,7.54,99.29,997.68,23.5,1
2021-07-31,27.79,84.42,10.32,77.71,997.57,5.0,1
2021-08-01,27.46,86.92,10.53,81.12,996.54,29.0,1
2021-08-02,26.31,92.0,17.79,99.0,996.31,52.7,1
2021-08-03,26.65,87.25,13.18,70.79,996.3,6.9,1
2021-08-04,26.78,85.75,10.83,87.46,998.18,3.3,1
2021-08-05,27.47,86.88,9.12,85.0,998.96,10.8,1
2021-08-06,28.22,87.96,6.88,94.62,999.3,21.9,1
2021-08-07,27.86,89.29,6.63,94.54,1001.08,11.0,1
2021-08-08,28.21,88.04,5.43,98.04,1002.82,9.0,1
2021-08-09,27.95,90.17,7.35,97.33,1003.23,10.9,1
2021-08-10,29.58,77.42,17.04,50.79,1002.14,0.5,0
2021-08-11,29.76,71.46,17.65,90.92,1002.65,0.0,0
2021-08-12,29.45,71.5,13.9,91.0,1003.79,0.0,0
2021-08-13,29.71,70.04,14.85,80.92,1002.19,0.2,0
2021-08-14,29.28,71.71,15.42,50.29,1000.38,0.1,0
2021-08-15,29.7,68.79,12.13,11.54,1001.4,0.0,0
2021-08-16,29.95,70.04,9.01,28.67,1003.92,0.1,0
2021-08-17,30.73,68.5,8.27,41.92,1003.3,0.0,0
2021-08-18,30.86,70.0,5.89,70.0,1001.16,0.0,0
2021-08-19,30.04,79.17,4.54,99.08,1000.29,0.4,0
2021-08-20,27.05,92.33,7.14,98.88,1002.32,29.0,1
2021-08-21,27.75,86.38,9.11,94.33,1003.91,14.3,1
2021-08-22,28.92,84.38,7.02,63.04,1004.18,4.0,1
2021-08-23,29.29,79.92,11.46,84.71,1002.96,2.8,1
2021-08-24,30.0,74.08,16.12,86.67,1001.86,2.1,1
2021-08-25,30.44,67.58,19.0,85.12,1000.21,0.0,0
2021-08-26,29.41,67.42,18.31,84.0,999.66,0.0,0
2021-08-27,29.03,70.88,10.03,80.33,1001.37,0.0,0
2021-08-28,29.17,74.17,5.58,68.83,1001.4,0.3,0
2021-08-29,27.97,87.54,5.72,96.75,1001.99,13.8,1
2021-08-30,27.28,88.08,8.42,91.29,1004.48,12.8,1
2021-08-31,27.02,88.88,11.02,97.62,1005.9,17.2,1
2021-09-01,27.85,86.88,8.77,78.25,1005.41,11.5,1
2021-09-02,28.5,85.12,5.75,46.75,1003.89,6.0,1
2021-09-03,28.25,84.46,5.62,72.79,1003.02,4.2,1
2021-09-04,28.42,83.0,6.2,79.67,1002.86,4.3,1
2021-09-05,29.01,82.21,5.08,42.88,1002.78,4.4,1
2021-09-06,29.14,83.83,4.6,62.0,1003.83,4.6,1
2021-09-07,29.12,81.54,12.55,91.25,1004.13,6.1,1
2021-09-08,28.3,80.54,16.82,68.58,1002.89,3.0,1
2021-09-09,27.87,84.08,10.9,64.54,1002.43,4.8,1
2021-09-10,26.92,86.25,12.86,96.54,1002.03,12.9,1
2021-09-11,27.08,86.46,12.82,97.79,1002.24,9.1,1
2021-09-12,27.78,87.04,9.11,73.54,1000.63,6.9,1
2021-09-13,28.43,85.92,7.73,88.46,1000.6,11.1,1
2021-09-14,28.68,82.08,12.95,47.17,1001.97,5.6,1
2021-09-15,27.72,76.04,21.57,76.25,1002.84,0.9,0
2021-09-16,25.17,86.79,21.4,98.92,1000.4,44.2,1
2021-09-17,25.32,89.12,15.87,87.75,999.52,22.4,1
2021-09-18,27.08,85.21,12.58,51.17,1003.1,3.4,1
2021-09-19,27.69,80.83,10.01,24.29,1005.92,0.8,0
2021-09-20,28.2,80.38,7.26,23.71,1005.32,0.3,0
2021-09-21,28.16,82.92,7.15,38.21,1004.42,1.5,1
2021-09-22,27.23,85.38,8.8,92.54,1004.05,5.9,1
2021-09-23,28.11,81.58,9.77,43.83,1004.98,0.9,0
2021-09-24,26.98,86.46,8.42,63.08,1005.68,3.6,1
2021-09-25,26.68,89.88,5.76,77.96,1004.95,7.5,1
2021-09-26,26.9,88.42,8.47,66.42,1004.59,3.9,1
2021-09-27,28.15,84.67,7.58,52.67,1004.82,12.2,1
2021-09-28,28.29,82.0,13.12,43.83,1005.21,3.2,1
2021-09-29,28.23,81.08,12.53,41.12,1006.7,1.5,1
2021-09-30,28.38,82.58,6.74,15.88,1008.48,0.5,0
2021-10-01,28.9,78.46,3.59,10.83,1008.4,0.3,0
2021-10-02,28.54,79.92,6.64,10.67,1007.38,0.6,0
2021-10-03,28.68,80.29,9.86,13.79,1005.95,1.3,1
2021-10-04,29.18,73.96,8.7,12.12,1005.58,0.0,0
2021-10-05,28.89,74.25,4.99,10.75,1007.54,0.1,0
2021-10-06,28.8,78.71,5.15,17.58,1007.6,0.6,0
2021-10-07,28.45,74.25,5.85,4.5,1006.49,0.0,0
2021-10-08,27.6,70.79,6.99,0.67,1005.65,0.0,0
2021-10-09,27.67,62.71,8.15,0.92,1006.06,0.0,0
2021-10-10,28.18,61.17,7.8,0.83,1006.45,0.0,0
2021-10-11,27.98,59.92,5.68,0.54,1006.0,0.0,0
2021-10-12,27.61,61.67,6.67,5.62,1006.05,0.0,0
2021-10-13,26.85,60.17,7.9,0.79,1006.54,0.0,0
2021-10-14,25.18,55.5,9.1,0.0,1006.96,0.0,0
2021-10-15,25.8,58.33,6.7,0.25,1004.84,0.0,0
2021-10-16,26.98,64.0,5.29,0.38,1004.55,0.0,0
2021-10-17,28.25,73.29,11.45,50.25,1004.9,3.0,1
2021-10-18,24.95,90.17,8.48,93.54,1004.09,16.1,1
2021-10-19,24.78,76.71,13.01,11.12,1007.34,0.0,0
2021-10-20,25.09,70.04,9.99,3.21,1010.94,0.0,0
2021-10-21,24.31,62.5,12.84,0.0,1010.76,0.0,0
2021-10-22,24.56,59.58,12.68,0.0,1011.28,0.0,0
2021-10-23,24.88,60.96,8.09,30.46,1012.5,0.0,0
2021-10-24,24.8,64.0,5.85,16.08,1013.24,0.2,0
2021-10-25,23.46,71.67,5.35,4.42,1013.68,0.0,0
2021-10-26,22.48,73.12,6.72,2.92,1013.32,0.0,0
2021-10-27,21.98,67.12,6.9,0.0,1015.15,0.0,0
2021-10-28,21.96,65.42,6.26,0.0,1015.44,0.0,0
2021-10-29,21.39,66.54,5.88,0.0,1016.64,0.0,0
2021-10-30,21.16,62.58,8.29,0.0,1016.46,0.0,0
2021-10-31,21.48,59.42,8.98,0.42,1014.42,0.0,0
2021-11-01,21.73,61.88,5.71,0.0,1013.48,0.0,0
2021-11-02,21.39,59.5,7.82,0.0,1014.73,0.0,0
2021-11-03,21.63,62.96,6.01,0.04,1014.68,0.0,0
2021-11-04,21.74,64.92,6.55,0.29,1013.83,0.0,0
2021-11-05,20.99,67.96,5.62,47.88,1013.65,0.0,0
2021-11-06,20.56,64.5,7.08,72.46,1012.48,0.0,0
2021-11-07,21.33,64.0,8.2,35.83,1012.17,0.0,0
2021-11-08,20.92,68.08,7.29,36.54,1013.8,0.0,0
2021-11-09,20.6,69.88,6.03,8.0,1014.63,0.0,0
2021-11-10,20.9,67.5,6.76,63.92,1013.84,0.0,0
2021-11-11,20.28,66.88,5.12,15.54,1013.37,0.0,0
2021-11-12,19.98,68.58,5.72,51.38,1013.72,0.0,0
2021-11-13,19.3,67.83,6.18,0.0,1013.78,0.0,0
2021-11-14,18.9,63.21,6.48,0.0,1012.91,0.0,0
2021-11-15,17.98,66.0,5.99,0.0,1012.22,0.0,0
2021-11-16,17.55,67.71,6.38,25.42,1013.24,0.0,0
2021-11-17,17.65,67.29,4.9,95.21,1015.16,0.0,0
2021-11-18,18.15,76.25,3.93,99.46,1014.09,9.9,1
2021-11-19,18.29,81.67,4.45,98.04,1011.95,4.1,1
2021-11-20,18.9,85.75,4.51,65.67,1012.11,9.8,1
2021-11-21,19.28,82.62,5.12,34.12,1013.44,0.0,0
2021-11-22,18.72,67.54,8.3,0.08,1013.54,0.0,0
2021-11-23,18.32,66.04,6.89,0.0,1012.65,0.0,0
2021-11-24,17.6,68.75,6.68,0.0,1013.53,0.0,0
2021-11-25,17.82,69.33,6.03,0.0,1014.7,0.0,0
2021-11-26,17.82,73.96,5.78,0.21,1014.7,0.0,0
2021-11-27,19.31,69.08,8.98,0.0,1015.24,0.0,0
2021-11-28,18.8,76.38,7.77,20.83,1016.78,0.0,0
2021-11-29,18.16,80.21,4.88,75.88,1017.5,0.0,0
2021-11-30,17.6,73.58,6.41,99.96,1017.27,0.0,0
2021-12-01,17.4,77.17,5.8,99.96,1017.01,0.0,0
2021-12-02,17.8,78.33,7.19,100.0,1016.83,0.0,0
2021-12-03,18.19,72.17,4.85,35.71,1017.35,0.0,0
2021-12-04,18.0,77.83,5.18,0.04,1016.12,0.0,0
2021-12-05,19.1,78.88,6.36,30.79,1015.79,0.0,0
2021-12-06,18.63,81.5,7.37,36.62,1016.18,0.3,0
2021-12-07,16.82,76.25,7.93,0.0,1017.61,0.0,0
2021-12-08,16.62,69.25,5.58,0.0,1017.9,0.0,0
2021-12-09,16.2,67.96,4.38,13.92,1019.89,0.0,0
2021-12-10,14.87,74.38,7.25,0.0,1020.16,0.0,0
2021-12-11,15.22,71.5,4.83,4.25,1019.52,0.0,0
2021-12-12,13.88,73.21,4.19,33.17,1019.61,0.0,0
2021-12-13,14.88,71.29,8.07,24.96,1017.95,0.0,0
2021-12-14,16.15,73.0,9.05,26.83,1016.73,0.0,0
2021-12-15,16.73,74.83,6.5,30.04,1017.26,0.0,0
2021-12-16,17.24,81.0,8.57,31.71,1017.39,0.2,0
2021-12-17,14.95,60.96,11.38,43.38,1020.0,0.4,0
2021-12-18,11.29,68.33,9.28,0.0,1021.11,0.0,0
2021-12-19,10.76,67.0,8.97,0.0,1020.7,0.0,0
2021-12-20,11.84,66.42,4.5,0.04,1019.58,0.0,0
2021-12-21,12.71,67.46,4.98,1.04,1017.74,0.0,0
2021-12-22,13.12,76.04,5.76,5.96,1015.32,0.0,0
2021-12-23,15.07,67.54,6.84,20.88,1014.21,0.0,0
2021-12-24,15.18,72.96,8.32,29.46,1013.82,0.0,0
2021-12-25,15.12,76.29,5.51,3.46,1015.95,0.0,0
2021-12-26,15.67,72.62,7.55,29.21,1017.39,0.0,0
2021-12-27,16.1,79.25,6.69,81.04,1018.6,3.5,1
2021-12-28,14.34,91.38,6.15,94.42,1018.06,8.2,1
2021-12-29,13.91,81.21,6.96,18.88,1019.02,0.0,0
2021-12-30,12.66,77.62,6.62,27.33,1023.05,0.0,0
2021-12-31,11.92,71.0,6.26,73.04,1023.42,0.0,0
2022-01-01,12.8,70.25,4.94,35.33,1022.13,0.0,0
2022-01-02,12.67,77.88,4.29,44.38,1020.63,0.0,0
2022-01-03,13.18,80.21,3.6,31.96,1019.0,0.0,0
2022-01-04,13.28,80.25,4.97,36.88,1017.97,0.0,0
2022-01-05,14.47,81.88,9.01,85.29,1016.45,2.5,1
2022-01-06,15.11,91.75,11.1,90.79,1015.91,14.2,1
2022-01-07,17.12,86.88,12.04,47.04,1015.95,0.7,0
2022-01-08,16.9,88.33,12.71,55.96,1014.98,22.6,1
2022-01-09,16.09,89.71,7.04,76.17,1014.58,1.0,1
2022-01-10,13.27,81.12,8.23,10.29,1017.72,0.0,0
2022-01-11,12.39,79.04,7.52,18.5,1017.9,0.0,0
2022-01-12,11.72,75.79,7.1,9.88,1017.6,0.0,0
2022-01-13,11.28,76.46,4.4,11.54,1017.92,0.0,0
2022-01-14,11.4,77.88,5.86,0.42,1018.24,0.0,0
2022-01-15,10.31,83.17,6.13,24.71,1019.91,0.0,0
2022-01-16,9.22,86.88,5.52,44.75,1020.99,0.0,0
2022-01-17,9.78,88.46,4.65,63.29,1021.59,0.0,0
2022-01-18,10.09,87.21,4.64,48.92,1019.54,0.0,0
2022-01-19,10.77,86.33,4.35,55.5,1016.59,0.0,0
2022-01-20,12.91,87.46,8.25,44.92,1011.68,0.0,0
2022-01-21,13.4,85.88,6.25,54.25,1011.88,0.0,0
2022-01-22,15.48,86.04,10.66,57.46,1007.33,8.3,1
2022-01-23,14.4,77.71,8.58,30.83,1009.62,0.2,0
2022-01-24,11.89,77.12,7.88,16.58,1014.1,0.0,0
2022-01-25,11.73,79.0,7.05,26.29,1015.23,0.0,0
2022-01-26,11.41,77.67,9.71,28.88,1016.38,0.0,0
2022-01-27,11.53,76.83,8.89,1.54,1017.65,0.0,0
2022-01-28,11.86,72.08,7.7,0.0,1017.9,0.0,0
2022-01-29,13.03,73.46,8.15,0.0,1017.39,0.0,0
2022-01-30,14.65,73.12,11.54,0.0,1013.1,0.0,0
2022-01-31,15.18,75.5,6.5,0.0,1011.9,0.0,0
2022-02-01,16.35,80.12,9.21,3.25,1011.15,0.0,0
2022-02-02,15.41,79.38,6.43,25.38,1011.65,0.0,0
2022-02-03,16.83,67.79,17.07,1.12,1006.93,0.3,0
2022-02-04,13.82,72.67,11.05,1.04,1010.22,0.0,0
2022-02-05,12.69,79.04,5.75,23.79,1014.08,0.0,0
2022-02-06,13.14,79.21,6.45,18.88,1016.32,0.0,0
2022-02-07,15.94,73.58,6.26,0.25,1015.08,0.0,0
2022-02-08,16.98,74.25,5.47,4.88,1013.12,0.0,0
2022-02-09,16.29,81.79,10.43,26.17,1014.05,0.1,0
2022-02-10,14.8,78.75,7.75,34.79,1017.82,0.0,0
2022-02-11,14.73,67.92,9.32,0.0,1016.95,0.0,0
2022-02-12,15.06,64.08,8.42,0.0,1015.6,0.0,0
2022-02-13,15.13,63.42,6.12,0.0,1013.85,0.0,0
2022-02-14,16.2,59.42,7.16,0.0,1013.52,0.0,0
2022-02-15,16.34,63.0,8.25,0.0,1013.4,0.0,0
2022-02-16,17.73,56.96,5.97,0.5,1011.3,0.0,0
2022-02-17,17.55,58.08,6.72,0.21,1010.93,0.0,0
2022-02-18,18.47,55.5,7.58,4.79,1012.03,0.0,0
2022-02-19,18.79,61.46,6.78,7.12,1013.26,0.0,0
2022-02-20,18.62,53.0,13.19,3.42,1009.31,0.0,0
2022-02-21,18.09,49.0,7.42,0.0,1009.02,0.0,0
2022-02-22,21.09,47.5,13.19,0.0,1010.13,0.0,0
2022-02-23,20.69,60.54,7.92,24.71,1013.03,0.0,0
2022-02-24,20.13,67.38,6.61,53.88,1015.02,0.0,0
2022-02-25,20.96,55.83,7.87,3.67,1015.68,0.0,0
2022-02-26,20.97,55.5,12.13,38.12,1015.27,0.0,0
2022-02-27,19.46,65.75,9.92,1.54,1016.75,0.0,0
2022-02-28,18.26,56.04,8.51,0.0,1016.65,0.0,0
2022-03-01,18.74,60.08,5.47,4.83,1016.69,0.0,0
2022-03-02,19.75,60.25,5.95,1.92,1016.24,0.0,0
2022-03-03,20.97,53.96,7.44,8.0,1014.81,0.0,0
2022-03-04,20.8,61.0,9.96,0.0,1015.25,0.0,0
2022-03-05,19.78,62.71,11.0,0.0,1014.76,0.0,0
2022-03-06,20.43,61.04,5.22,70.0,1013.63,0.0,0
2022-03-07,21.79,53.92,7.7,61.25,1014.26,0.0,0
2022-03-08,22.11,58.46,5.18,64.42,1013.8,0.0,0
2022-03-09,23.6,53.21,6.18,35.21,1012.49,0.0,0
2022-03-10,23.66,49.92,7.42,16.46,1012.69,0.0,0
2022-03-11,23.29,52.33,9.0,0.25,1012.77,0.0,0
2022-03-12,23.42,47.17,9.15,0.0,1011.74,0.0,0
2022-03-13,24.01,49.71,8.49,0.0,1011.18,0.0,0
2022-03-14,25.69,50.58,8.32,0.0,1010.29,0.0,0
2022-03-15,27.27,51.33,7.28,16.0,1007.6,0.0,0
2022-03-16,27.62,47.96,11.62,20.46,1005.6,0.0,0
2022-03-17,27.81,50.29,9.29,4.54,1005.85,0.0,0
2022-03-18,28.3,56.04,7.66,22.75,1006.7,0.0,0
2022-03-19,28.59,52.46,7.5,5.29,1005.24,0.0,0
2022-03-20,29.87,32.58,12.19,0.21,1004.04,0.0,0
2022-03-21,28.99,27.54,12.06,0.88,1005.92,0.0,0
2022-03-22,28.89,32.62,9.07,0.0,1007.19,0.0,0
2022-03-23,29.06,33.12,5.58,6.04,1007.05,0.0,0
2022-03-24,29.6,29.67,11.31,6.12,1005.14,0.0,0
2022-03-25,28.9,29.79,9.86,16.38,1006.11,0.0,0
2022-03-26,28.0,28.04,11.26,0.0,1008.68,0.0,0
2022-03-27,28.45,23.79,11.6,0.0,1008.67,0.0,0
2022-03-28,29.3,21.75,10.52,0.0,1007.35,0.0,0
2022-03-29,29.89,21.67,11.25,0.0,1005.33,0.0,0
2022-03-30,30.26,22.08,11.22,0.0,1005.18,0.0,0
2022-03-31,30.92,21.58,9.86,0.0,1005.62,0.0,0
2022-04-01,30.17,21.71,10.85,0.0,1006.42,0.0,0
2022-04-02,29.28,25.12,6.78,0.0,1008.22,0.0,0
2022-04-03,31.28,16.92,13.0,0.0,1007.22,0.0,0
2022-04-04,30.54,14.75,12.54,0.0,1007.19,0.0,0
2022-04-05,30.15,18.42,8.62,46.29,1009.82,0.0,0
2022-04-06,30.8,18.71,5.91,21.79,1009.6,0.0,0
2022-04-07,31.01,18.0,6.81,9.67,1008.82,0.0,0
2022-04-08,31.77,15.25,10.54,0.0,1006.46,0.0,0
2022-04-09,32.8,14.21,11.15,11.33,1004.54,0.0,0
2022-04-10,33.07,16.42,13.13,0.12,1003.94,0.0,0
2022-04-11,33.3,16.75,10.78,33.17,1003.42,0.0,0
2022-04-12,33.46,20.17,9.49,79.75,1003.2,0.0,0
2022-04-13,33.81,17.46,13.01,23.12,1002.89,0.0,0
2022-04-14,32.39,17.46,12.88,4.67,1002.61,0.0,0
2022-04-15,33.5,18.33,11.47,9.12,1002.28,0.0,0
2022-04-16,33.02,16.42,9.56,1.96,1001.45,0.0,0
2022-04-17,33.8,14.12,9.64,4.92,1002.6,0.0,0
2022-04-18,34.13,18.83,11.42,2.08,1004.29,0.0,0
2022-04-19,34.69,16.96,13.91,4.92,1006.28,0.0,0
2022-04-20,34.21,17.38,11.45,15.62,1005.03,0.0,0
2022-04-21,32.31,22.79,11.99,71.04,1005.78,0.0,0
2022-04-22,31.81,24.75,8.73,3.0,1007.04,0.0,0
2022-04-23,32.39,21.0,7.2,0.71,1006.52,0.0,0
2022-04-24,32.46,19.12,11.12,1.71,1005.28,0.0,0
2022-04-25,33.14,17.25,8.6,5.17,1004.18,0.0,0
2022-04-26,34.34,17.71,8.83,11.92,1004.35,0.0,0
2022-04-27,34.4,17.21,11.89,0.0,1003.57,0.0,0
2022-04-28,35.19,16.08,9.18,3.75,1003.82,0.0,0
2022-04-29,36.52,14.71,16.67,9.92,1003.31,0.0,0
2022-04-30,35.67,14.38,11.37,1.17,1000.88,0.0,0
2022-05-01,35.24,20.38,8.72,13.38,999.7,0.0,0
2022-05-02,35.61,23.42,14.22,11.92,999.71,0.0,0
2022-05-03,34.5,26.17,10.77,7.38,1002.06,0.0,0
2022-05-04,34.49,28.04,8.33,11.62,1004.14,0.0,0
2022-05-05,33.28,35.71,9.29,6.33,1004.88,0.0,0
2022-05-06,33.3,30.75,8.23,14.58,1005.0,0.0,0
2022-05-07,34.02,24.12,8.52,10.54,1004.28,0.0,0
2022-05-08,35.1,24.88,11.55,2.62,1002.1,0.0,0
2022-05-09,34.75,36.58,10.95,7.29,1001.92,0.0,0
2022-05-10,34.71,39.79,9.45,3.33,1002.02,0.0,0
2022-05-11,35.9,35.96,10.36,8.08,1000.35,0.0,0
2022-05-12,36.33,33.46,10.59,7.54,999.14,0.0,0
2022-05-13,37.22,21.25,12.21,1.21,996.25,0.0,0
2022-05-14,37.33,14.67,13.24,9.21,996.52,0.0,0
2022-05-15,38.82,15.33,16.61,35.79,998.41,0.0,0
2022-05-16,38.21,14.17,17.16,14.46,998.72,0.0,0
2022-05-17,35.76,13.79,13.66,8.42,999.16,0.0,0
2022-05-18,36.25,17.58,7.7,19.54,1000.16,0.0,0
2022-05-19,37.22,19.67,9.55,0.5,1000.36,0.0,0
2022-05-20,38.54,14.5,15.0,5.08,997.68,0.0,0
2022-05-21,37.16,17.25,14.1,29.21,995.78,0.0,0
2022-05-22,35.5,26.75,13.17,18.08,994.66,0.0,0
2022-05-23,31.97,38.71,14.02,42.54,997.4,1.4,1
2022-05-24,29.97,54.54,10.06,16.71,1002.84,0.4,0
2022-05-25,30.18,52.42,10.86,16.29,1004.02,0.7,0
2022-05-26,32.11,48.25,7.59,7.54,1001.95,0.0,0
2022-05-27,32.56,46.33,9.63,33.46,999.61,0.1,0
2022-05-28,34.42,37.71,14.28,5.62,998.08,0.0,0
2022-05-29,35.23,37.29,13.84,8.75,998.0,0.0,0
2022-05-30,34.98,32.29,11.62,16.75,998.88,0.0,0
2022-05-31,35.09,28.17,13.71,5.62,998.81,0.0,0
2022-06-01,35.02,27.38,8.85,7.83,999.65,0.0,0
2022-06-02,35.84,24.46,11.64,4.88,999.15,0.0,0
2022-06-03,35.52,25.96,9.68,58.33,998.27,0.0,0
2022-06-04,36.79,19.92,10.68,43.17,998.45,0.0,0
2022-06-05,36.68,18.21,11.56,9.25,999.25,0.0,0
2022-06-06,36.1,17.5,14.74,5.88,998.8,0.0,0
2022-06-07,37.3,20.88,14.72,37.58,998.1,0.0,0
2022-06-08,37.22,17.38,16.92,16.17,998.21,0.0,0
2022-06-09,35.9,22.04,15.19,8.79,997.42,0.0,0
2022-06-10,36.71,24.21,12.03,12.54,997.66,0.0,0
2022-06-11,37.4,21.25,12.66,14.79,997.98,0.0,0
2022-06-12,37.39,24.83,13.0,34.67,999.09,0.0,0
2022-06-13,37.77,30.38,15.65,47.08,1000.93,0.0,0
2022-06-14,36.32,38.08,17.08,31.71,1000.66,0.0,0
2022-06-15,35.47,40.42,15.03,41.58,999.59,0.4,0
2022-06-16,32.88,52.92,12.24,26.71,1000.35,1.0,1
2022-06-17,31.84,57.0,11.47,41.5,1000.94,2.6,1
2022-06-18,29.03,71.21,8.72,66.88,1001.72,18.0,1
2022-06-19,29.02,67.79,10.8,43.0,1001.21,4.1,1
2022-06-20,29.03,68.75,11.71,33.21,999.47,4.5,1
2022-06-21,30.67,60.54,7.69,11.04,998.4,0.3,0
2022-06-22,32.19,56.12,5.14,15.62,1001.64,0.2,0
2022-06-23,33.06,43.88,10.75,6.33,1002.88,0.0,0
2022-06-24,32.41,40.54,9.08,1.42,1000.83,0.0,0
2022-06-25,33.56,35.54,6.95,46.67,998.21,0.0,0
2022-06-26,34.45,51.08,12.01,50.29,998.7,0.9,0
2022-06-27,34.4,52.83,9.93,87.04,999.77,0.1,0
2022-06-28,35.33,52.08,7.85,99.96,997.68,0.2,0
2022-06-29,33.46,58.88,16.09,100.0,996.27,5.5,1
2022-06-30,28.19,81.54,9.05,100.0,998.62,23.2,1
2022-07-01,28.92,76.75,6.08,97.62,999.04,4.8,1
2022-07-02,29.77,74.71,7.72,67.17,997.7,7.0,1
2022-07-03,29.32,81.04,4.08,94.83,998.5,20.7,1
2022-07-04,30.47,75.38,3.86,59.62,997.83,1.7,1
2022-07-05,32.2,68.04,10.2,69.12,996.97,2.0,1
2022-07-06,31.38,70.83,11.46,65.38,1000.03,6.4,1
2022-07-07,32.33,63.96,12.95,36.75,1001.24,0.6,0
2022-07-08,32.4,65.42,6.94,34.0,999.17,1.7,1
2022-07-09,30.96,72.12,8.42,92.04,997.88,4.9,1
2022-07-10,30.03,77.96,4.9,49.92,999.02,9.4,1
2022-07-11,31.84,67.67,7.22,21.5,999.32,0.1,0
2022-07-12,31.54,68.71,5.82,34.38,998.69,0.6,0
2022-07-13,32.06,66.08,7.97,33.88,996.39,3.8,1
2022-07-14,33.02,56.96,14.09,29.12,995.53,0.7,0
2022-07-15,32.38,59.25,15.84,37.25,997.41,1.1,1
2022-07-16,28.78,81.46,7.42,84.12,999.54,29.2,1
2022-07-17,30.26,77.25,5.75,59.46,1001.0,3.6,1
2022-07-18,32.31,67.62,9.71,25.92,999.42,0.4,0
2022-07-19,32.76,61.88,6.52,61.12,998.65,0.1,0
2022-07-20,30.04,78.46,12.74,99.21,999.69,18.5,1
2022-07-21,28.05,83.21,8.76,100.0,1001.88,11.0,1
2022-07-22,26.9,89.42,6.68,99.92,1002.96,20.2,1
2022-07-23,27.61,85.21,11.0,95.38,1000.79,10.9,1
2022-07-24,28.62,80.46,13.37,98.12,1000.35,7.0,1
2022-07-25,27.3,85.83,10.75,95.42,1002.9,9.4,1
2022-07-26,27.44,84.88,11.01,78.33,1004.32,3.8,1
2022-07-27,28.29,82.5,5.56,97.17,1004.71,12.6,1
2022-07-28,27.05,88.38,7.98,97.71,1006.06,31.3,1
2022-07-29,27.7,85.92,8.29,94.75,1005.34,10.4,1
2022-07-30,28.72,75.79,9.5,99.83,1003.43,1.4,1
2022-07-31,29.3,70.17,13.68,84.67,1001.27,0.1,0
2022-08-01,28.97,74.75,13.92,61.38,1001.41,2.2,1
2022-08-02,28.22,80.92,11.51,92.92,1001.06,5.1,1
2022-08-03,28.02,86.92,6.21,100.0,1002.02,10.8,1
2022-08-04,28.14,85.46,3.73,99.42,1001.95,1.6,1
2022-08-05,28.17,86.46,4.82,72.83,1000.55,5.0,1
2022-08-06,29.03,84.08,3.93,82.17,998.81,2.5,1
2022-08-07,28.76,84.29,7.45,99.75,998.57,3.2,1
2022-08-08,28.82,83.75,7.36,75.54,997.93,15.0,1
2022-08-09,29.89,80.54,10.3,55.96,997.06,8.9,1
2022-08-10,30.25,71.12,19.13,35.62,995.33,0.6,0
2022-08-11,28.56,76.92,19.09,93.38,996.86,6.3,1
2022-08-12,27.51,82.96,13.39,85.54,997.76,6.3,1
2022-08-13,27.81,83.46,7.47,69.42,999.1,4.1,1
2022-08-14,26.44,89.67,7.25,97.62,1001.43,21.6,1
2022-08-15,27.39,83.42,15.38,94.17,1000.71,13.7,1
2022-08-16,26.62,83.5,21.02,99.38,999.4,11.6,1
2022-08-17,28.26,74.83,11.45,29.92,1002.73,1.4,1
2022-08-18,28.58,74.42,13.18,25.38,1002.41,0.0,0
2022-08-19,28.75,77.17,12.88,44.88,1002.12,1.3,1
2022-08-20,27.19,85.92,9.6,98.46,1002.68,12.4,1
2022-08-21,27.46,85.54,12.47,95.5,1000.27,43.0,1
2022-08-22,27.4,83.08,18.51,99.96,996.94,56.2,1
2022-08-23,27.91,72.96,21.11,62.58,999.42,0.5,0
2022-08-24,28.35,73.29,5.69,76.5,1004.75,0.1,0
2022-08-25,27.64,77.29,10.6,66.33,1004.56,0.9,0
2022-08-26,27.43,82.79,10.9,40.88,1003.95,4.9,1
2022-08-27,28.69,75.25,12.05,60.67,1003.27,0.6,0
2022-08-28,28.9,70.54,10.9,82.21,1003.98,0.1,0
2022-08-29,28.64,73.12,6.48,81.38,1007.12,0.0,0
2022-08-30,29.15,77.12,4.25,60.25,1007.58,0.6,0
2022-08-31,29.4,78.71,8.03,69.04,1005.3,2.7,1
2022-09-01,29.98,75.83,8.09,97.42,1005.12,0.3,0
2022-09-02,29.18,78.79,8.48,97.38,1006.52,1.0,1
2022-09-03,29.83,74.38,13.38,26.75,1004.36,0.1,0
2022-09-04,29.72,71.88,12.21,39.58,1003.24,0.0,0
2022-09-05,29.08,72.0,10.05,11.75,1004.57,0.0,0
2022-09-06,29.52,69.62,7.88,35.42,1005.38,0.0,0
2022-09-07,29.96,70.71,6.38,6.75,1006.58,0.0,0
2022-09-08,30.22,70.25,7.62,6.17,1007.08,0.0,0
2022-09-09,30.13,75.21,8.18,28.79,1006.62,0.1,0
2022-09-10,29.19,81.21,6.22,40.38,1005.66,1.6,1
2022-09-11,29.6,75.0,9.39,17.83,1002.98,0.1,0
2022-09-12,28.64,75.92,13.81,39.92,1001.1,3.9,1
2022-09-13,27.46,79.33,17.09,85.46,1001.21,9.8,1
2022-09-14,25.77,90.25,17.69,100.0,1000.9,41.2,1
2022-09-15,26.12,89.83,12.54,99.88,1000.0,22.3,1
2022-09-16,26.84,83.5,12.55,72.58,999.11,3.9,1
2022-09-17,27.59,81.17,9.12,64.79,1002.32,3.2,1
2022-09-18,28.34,76.21,10.81,18.83,1004.77,0.2,0
2022-09-19,27.64,78.92,7.12,16.67,1005.03,0.6,0
2022-09-20,26.72,86.79,4.73,59.83,1004.63,7.1,1
2022-09-21,25.31,93.08,8.82,89.42,1004.15,42.3,1
2022-09-22,25.37,91.79,10.21,100.0,1002.45,26.8,1
2022-09-23,25.78,91.38,7.54,100.0,1001.94,14.1,1
2022-09-24,26.48,84.75,11.27,99.96,1002.12,4.2,1
2022-09-25,27.7,76.0,10.83,56.38,1005.25,0.0,0
2022-09-26,27.27,81.54,8.0,39.0,1008.1,0.3,0
2022-09-27,27.84,75.33,6.62,11.92,1006.97,0.0,0
2022-09-28,27.79,72.5,7.99,7.42,1005.96,0.0,0
2022-09-29,27.54,70.21,9.46,7.38,1005.83,0.0,0
2022-09-30,27.47,72.83,7.76,12.0,1006.13,0.0,0
2022-10-01,27.9,72.29,7.22,14.62,1005.32,0.2,0
2022-10-02,27.35,68.75,8.76,11.92,1005.65,0.0,0
2022-10-03,27.48,60.96,9.83,21.04,1006.57,0.0,0
2022-10-04,26.86,74.38,8.35,67.42,1007.54,0.4,0
2022-10-05,26.82,84.75,6.88,86.83,1006.92,3.5,1
2022-10-06,25.93,83.67,9.13,98.5,1007.34,0.5,0
2022-10-07,24.74,91.38,8.54,99.38,1008.42,22.5,1
2022-10-08,24.87,90.71,8.97,99.88,1008.73,30.5,1
2022-10-09,25.36,90.38,7.61,97.33,1008.81,15.5,1
2022-10-10,25.6,87.83,6.58,66.67,1010.18,10.5,1
2022-10-11,25.34,86.25,5.02,40.88,1009.32,11.6,1
2022-10-12,24.82,84.46,6.15,40.08,1010.48,0.4,0
2022-10-13,24.18,75.88,6.64,0.75,1011.99,0.0,0
2022-10-14,23.98,72.75,7.53,1.21,1011.91,0.0,0
2022-10-15,24.58,69.42,6.26,2.46,1011.21,0.0,0
2022-10-16,24.64,72.33,3.58,7.58,1013.25,0.0,0
2022-10-17,24.55,69.88,5.6,0.08,1013.72,0.0,0
2022-10-18,24.62,64.21,7.0,0.0,1012.22,0.0,0
2022-10-19,24.22,64.71,6.62,0.04,1012.04,0.0,0
2022-10-20,24.74,61.08,6.93,4.04,1013.34,0.0,0
2022-10-21,24.36,60.29,7.51,2.17,1015.5,0.0,0
2022-10-22,24.17,63.33,8.6,1.25,1016.4,0.0,0
2022-10-23,22.9,68.54,7.02,0.0,1015.12,0.0,0
2022-10-24,22.25,66.08,8.88,0.0,1010.87,0.0,0
2022-10-25,22.32,64.17,10.37,0.0,1009.7,0.0,0
2022-10-26,23.74,62.17,6.55,0.0,1012.8,0.0,0
2022-10-27,23.48,68.04,7.16,0.08,1012.97,0.0,0
2022-10-28,23.72,69.92,6.12,0.67,1012.74,0.0,0
2022-10-29,23.84,66.96,5.81,0.42,1013.46,0.0,0
2022-10-30,23.19,65.83,3.9,0.0,1014.36,0.0,0
2022-10-31,22.5,70.58,4.64,0.0,1014.23,0.0,0
2022-11-01,22.75,72.38,5.95,0.0,1014.63,0.0,0
2022-11-02,23.68,66.96,9.33,0.0,1012.83,0.0,0
2022-11-03,23.72,67.08,7.05,8.46,1012.04,0.0,0
2022-11-04,24.46,67.96,8.5,0.0,1013.1,0.0,0
2022-11-05,24.19,72.83,6.03,0.0,1014.76,0.0,0
2022-11-06,24.76,75.08,5.81,75.12,1015.48,0.0,0
2022-11-07,24.29,73.88,5.02,91.29,1014.55,0.0,0
2022-11-08,23.28,72.04,5.57,22.12,1014.77,0.2,0
2022-11-09,23.36,69.46,4.68,18.29,1015.27,0.0,0
2022-11-10,22.18,76.71,6.49,7.58,1016.28,0.0,0
2022-11-11,21.49,68.96,8.09,0.0,1016.95,0.0,0
2022-11-12,20.62,63.33,9.25,0.0,1016.73,0.0,0
2022-11-13,20.78,64.08,7.54,0.12,1015.42,0.0,0
2022-11-14,20.73,63.33,5.69,0.67,1015.45,0.0,0
2022-11-15,21.01,64.79,5.84,0.21,1015.15,0.0,0
2022-11-16,20.68,64.0,8.87,5.92,1014.09,0.0,0
2022-11-17,18.57,58.21,9.59,0.0,1014.98,0.0,0
2022-11-18,18.22,58.79,7.26,0.0,1016.05,0.0,0
2022-11-19,17.56,61.12,7.68,0.0,1016.15,0.0,0
2022-11-20,18.06,66.67,6.81,0.0,1014.69,0.0,0
2022-11-21,18.09,68.12,7.99,0.0,1013.92,0.0,0
2022-11-22,18.12,65.62,8.74,0.0,1014.2,0.0,0
2022-11-23,17.83,61.04,9.01,24.29,1014.61,0.0,0
2022-11-24,17.33,60.58,7.47,0.17,1014.7,0.0,0
2022-11-25,16.77,66.46,6.54,14.04,1016.33,0.0,0
2022-11-26,17.14,66.12,9.07,0.0,1013.67,0.0,0
2022-11-27,17.61,68.58,6.98,0.0,1011.65,0.0,0
2022-11-28,17.68,69.92,5.04,0.0,1012.98,0.0,0
2022-11-29,17.89,69.71,6.05,21.21,1015.06,0.0,0
2022-11-30,17.02,68.96,6.02,47.21,1016.32,0.0,0
2022-12-01,16.94,74.0,5.66,0.17,1015.53,0.0,0
2022-12-02,16.41,74.38,4.96,0.83,1014.41,0.0,0
2022-12-03,16.61,72.92,4.1,4.67,1014.9,0.0,0
2022-12-04,16.95,73.08,4.36,18.29,1015.74,0.0,0
2022-12-05,15.56,79.58,5.11,14.88,1017.36,0.0,0
2022-12-06,15.37,75.92,8.22,4.04,1016.6,0.0,0
2022-12-07,15.67,71.12,9.39,0.0,1015.73,0.0,0
2022-12-08,15.65,73.54,6.78,0.0,1015.98,0.0,0
2022-12-09,15.99,76.17,6.25,0.0,1014.72,0.0,0
2022-12-10,17.04,75.5,5.97,0.0,1014.73,0.0,0
2022-12-11,16.75,78.83,7.04,0.0,1015.2,0.0,0
2022-12-12,17.45,72.08,7.53,0.0,1014.51,0.0,0
2022-12-13,17.44,60.75,9.03,0.0,1016.05,0.0,0
2022-12-14,16.45,62.5,9.65,0.0,1016.34,0.0,0
2022-12-15,15.0,68.92,8.27,32.5,1015.37,0.0,0
2022-12-16,15.12,69.67,5.72,30.67,1014.35,0.0,0
2022-12-17,15.58,70.42,4.63,17.71,1015.83,0.0,0
2022-12-18,14.45,78.58,6.25,16.46,1016.01,0.0,0
2022-12-19,14.71,79.25,6.45,11.46,1014.72,0.0,0
2022-12-20,15.18,74.46,5.48,35.21,1013.99,0.0,0
2022-12-21,14.8,75.08,7.34,9.67,1014.98,0.0,0
2022-12-22,14.91,71.88,6.8,2.92,1014.46,0.0,0
2022-12-23,15.25,71.25,8.1,2.71,1013.27,0.0,0
2022-12-24,14.42,66.5,8.92,1.88,1015.2,0.0,0
2022-12-25,12.74,68.58,7.11,12.92,1017.08,0.0,0
2022-12-26,11.01,78.67,8.12,4.46,1018.62,0.0,0
2022-12-27,11.95,78.33,8.45,0.12,1018.64,0.0,0
2022-12-28,13.84,64.92,9.88,0.0,1018.36,0.0,0
2022-12-29,15.0,67.5,6.64,0.25,1018.73,0.0,0
2022-12-30,16.36,71.67,7.17,12.42,1018.66,0.0,0
2022-12-31,14.44,80.12,9.58,1.33,1019.72,0.0,0
2023-01-01,12.79,78.88,6.58,0.0,1020.76,0.0,0
2023-01-02,11.73,80.88,4.36,24.75,1021.39,0.0,0
2023-01-03,11.07,83.75,5.67,18.54,1022.25,0.0,0
2023-01-04,9.78,82.25,6.95,8.33,1022.92,0.0,0
2023-01-05,8.94,86.79,5.75,40.58,1024.15,0.0,0
2023-01-06,8.54,89.5,4.74,61.46,1024.66,0.0,0
2023-01-07,9.17,85.62,5.36,53.75,1022.66,0.0,0
2023-01-08,10.42,85.75,6.4,29.08,1019.98,0.0,0
2023-01-09,11.8,85.0,4.66,62.38,1020.43,0.0,0
2023-01-10,13.61,84.04,5.75,19.21,1019.12,0.0,0
2023-01-11,14.55,85.12,5.37,36.29,1015.23,0.0,0
2023-01-12,16.85,80.92,7.73,44.12,1012.22,0.0,0
2023-01-13,17.02,82.29,7.32,11.58,1012.66,0.3,0
2023-01-14,14.35,79.71,10.37,30.58,1016.44,0.0,0
2023-01-15,10.65,63.96,8.58,1.0,1016.61,0.0,0
2023-01-16,9.89,68.12,7.51,5.17,1017.35,0.0,0
2023-01-17,10.12,67.42,8.05,0.0,1018.01,0.0,0
2023-01-18,11.3,60.96,5.29,0.0,1019.67,0.0,0
2023-01-19,11.8,66.5,6.55,41.08,1019.25,0.0,0
2023-01-20,12.88,70.75,7.3,28.71,1017.0,0.0,0
2023-01-21,14.3,74.79,6.4,0.21,1016.52,0.0,0
2023-01-22,15.29,74.71,8.21,21.96,1015.4,0.0,0
2023-01-23,16.08,84.67,7.07,43.83,1015.05,12.7,1
2023-01-24,17.8,84.92,8.77,64.21,1013.95,2.5,1
2023-01-25,18.33,87.04,5.21,48.0,1014.74,2.9,1
2023-01-26,16.76,81.58,10.41,33.88,1017.74,0.0,0
2023-01-27,12.98,71.08,10.22,0.0,1018.69,0.0,0
2023-01-28,13.64,64.79,5.48,0.75,1015.9,0.0,0
2023-01-29,14.92,71.83,9.7,33.08,1014.34,0.9,0
2023-01-30,15.72,80.29,11.7,52.67,1017.45,7.9,1
2023-01-31,15.11,85.75,10.48,48.08,1018.85,0.0,0
2023-02-01,14.14,77.0,10.57,0.0,1018.3,0.0,0
2023-02-02,14.65,72.92,10.68,0.0,1017.14,0.0,0
2023-02-03,16.4,70.04,7.88,0.0,1016.78,0.0,0
2023-02-04,16.64,72.17,9.99,0.0,1014.4,0.0,0
2023-02-05,17.9,72.75,9.11,0.0,1013.05,0.0,0
2023-02-06,19.13,67.17,8.1,1.25,1011.94,0.0,0
2023-02-07,18.8,64.79,10.48,0.0,1011.7,0.0,0
2023-02-08,17.22,64.08,7.57,0.0,1014.42,0.0,0
2023-02-09,18.72,61.46,7.21,0.29,1013.14,0.0,0
2023-02-10,20.71,53.42,9.94,0.04,1011.66,0.0,0
2023-02-11,20.33,58.42,11.73,0.12,1013.43,0.0,0
2023-02-12,17.51,54.71,9.96,0.0,1017.57,0.0,0
2023-02-13,16.6,38.29,15.3,0.33,1016.88,0.0,0
2023-02-14,17.16,49.79,8.7,0.0,1016.25,0.0,0
2023-02-15,19.06,60.04,8.41,0.0,1013.61,0.0,0
2023-02-16,19.16,68.33,7.58,1.0,1014.64,0.0,0
2023-02-17,19.93,70.92,5.33,11.67,1015.67,0.0,0
2023-02-18,20.78,69.38,4.6,0.0,1015.12,0.0,0
2023-02-19,21.45,65.5,4.85,7.75,1014.25,0.0,0
2023-02-20,23.27,52.83,8.53,10.67,1011.65,0.0,0
2023-02-21,23.95,44.12,12.88,26.92,1010.86,0.0,0
2023-02-22,22.98,56.38,6.61,48.88,1011.8,0.0,0
2023-02-23,22.0,55.92,7.46,6.29,1012.65,0.0,0
2023-02-24,21.88,54.08,6.47,96.04,1014.8,0.0,0
2023-02-25,21.76,57.92,5.02,8.79,1016.28,0.0,0
2023-02-26,22.6,50.38,5.87,10.58,1017.53,0.0,0
2023-02-27,23.9,49.71,6.42,30.5,1017.09,0.0,0
2023-02-28,23.22,51.12,5.72,3.83,1016.77,0.0,0
2023-03-01,23.02,54.0,8.53,10.38,1017.94,0.0,0
2023-03-02,23.19,58.62,6.05,2.04,1018.26,0.0,0
2023-03-03,23.83,56.58,7.51,3.29,1018.65,0.0,0
2023-03-04,22.73,59.75,9.16,32.04,1019.18,0.0,0
2023-03-05,22.59,63.17,7.28,12.17,1018.27,0.2,0
2023-03-06,23.28,55.54,7.54,38.67,1015.94,0.0,0
2023-03-07,22.88,57.58,7.87,84.04,1015.62,0.0,0
2023-03-08,21.64,64.75,7.4,36.79,1016.78,1.4,1
2023-03-09,19.9,75.88,6.72,44.08,1016.9,2.6,1
2023-03-10,22.14,63.75,6.63,4.71,1015.97,0.0,0
2023-03-11,23.14,55.38,6.15,0.0,1015.49,0.0,0
2023-03-12,23.65,51.5,5.83,16.42,1014.68,0.0,0
2023-03-13,24.44,50.58,6.39,79.33,1012.94,0.0,0
2023-03-14,24.7,51.17,6.56,28.92,1010.55,0.0,0
2023-03-15,25.25,47.88,6.53,64.62,1009.17,0.0,0
2023-03-16,24.61,48.88,8.74,71.92,1010.03,0.4,0
2023-03-17,22.46,65.75,7.98,43.21,1011.47,3.1,1
2023-03-18,21.69,71.96,7.4,58.12,1010.52,5.7,1
2023-03-19,20.84,78.42,6.1,80.83,1008.66,7.1,1
2023-03-20,19.79,83.12,6.66,82.58,1007.93,6.2,1
2023-03-21,20.4,79.42,7.38,41.42,1008.67,0.1,0
2023-03-22,20.98,72.92,5.83,36.33,1010.46,0.0,0
2023-03-23,23.02,65.62,6.43,26.75,1009.36,0.0,0
2023-03-24,24.46,60.54,7.67,22.33,1008.48,1.7,1
2023-03-25,24.21,59.92,9.42,11.46,1010.78,0.0,0
2023-03-26,23.98,55.08,8.29,7.17,1010.68,0.3,0
2023-03-27,23.85,47.96,7.63,10.75,1010.25,0.0,0
2023-03-28,24.22,47.21,6.94,13.75,1010.17,0.0,0
2023-03-29,26.55,40.29,7.96,59.25,1009.98,0.0,0
2023-03-30,26.1,43.08,9.62,72.92,1007.79,3.3,1
2023-03-31,22.82,66.21,7.71,48.62,1008.35,0.0,0
2023-04-01,22.54,67.29,6.75,8.71,1009.19,0.0,0
2023-04-02,23.86,60.58,8.72,14.75,1008.58,0.0,0
2023-04-03,25.93,48.0,11.38,10.67,1006.64,0.0,0
2023-04-04,25.26,51.17,9.78,27.5,1008.74,0.0,0
2023-04-05,25.7,46.79,7.88,6.33,1009.42,0.0,0
2023-04-06,25.6,37.88,8.2,16.5,1011.62,0.0,0
2023-04-07,25.98,35.21,7.62,33.42,1013.37,0.0,0
2023-04-08,27.04,34.62,5.26,41.5,1014.16,0.0,0
2023-04-09,27.89,31.71,6.95,7.92,1013.72,0.0,0
2023-04-10,27.46,29.96,8.72,44.0,1012.03,0.0,0
2023-04-11,28.35,29.04,10.71,10.42,1011.52,0.0,0
2023-04-12,29.34,31.25,7.91,6.42,1010.73,0.0,0
2023-04-13,30.48,30.62,8.17,54.5,1009.12,0.0,0
2023-04-14,30.62,31.62,6.82,50.83,1008.15,0.0,0
2023-04-15,31.84,27.62,6.7,23.25,1007.7,0.0,0
2023-04-16,32.11,24.92,9.61,11.79,1006.58,0.0,0
2023-04-17,32.15,24.33,12.76,2.17,1006.66,0.0,0
2023-04-18,33.09,23.88,12.86,11.38,1007.78,0.0,0
2023-04-19,32.15,23.88,12.66,41.92,1005.12,0.0,0
2023-04-20,31.56,27.88,11.85,73.42,1002.32,0.0,0
2023-04-21,30.36,29.79,8.52,38.62,1003.31,0.0,0
2023-04-22,29.7,27.88,10.22,6.33,1003.97,0.0,0
2023-04-23,27.35,30.88,11.38,51.42,1005.92,0.7,0
2023-04-24,25.74,44.21,11.38,19.17,1010.05,0.3,0
2023-04-25,26.92,39.38,9.51,49.21,1010.83,0.0,0
2023-04-26,28.65,35.33,7.51,91.71,1008.22,0.0,0
2023-04-27,29.4,36.75,8.68,71.04,1007.4,0.0,0
2023-04-28,29.42,34.54,6.83,91.12,1008.34,0.0,0
2023-04-29,27.5,47.58,9.01,99.71,1007.99,0.9,0
2023-04-30,25.41,61.04,7.33,85.0,1006.98,1.2,1
2023-05-01,23.31,78.33,6.19,70.5,1006.92,13.3,1
2023-05-02,24.53,72.62,6.55,41.25,1008.15,0.5,0
2023-05-03,24.4,77.79,6.41,62.92,1009.57,19.8,1
2023-05-04,25.46,69.29,6.62,13.0,1009.14,0.0,0
2023-05-05,28.4,49.75,7.58,1.79,1007.43,0.0,0
2023-05-06,29.86,41.42,8.9,10.96,1005.66,0.0,0
2023-05-07,31.21,34.79,8.96,10.88,1004.98,0.0,0
2023-05-08,32.65,25.5,13.38,7.25,1003.9,0.0,0
2023-05-09,31.16,24.88,11.61,0.0,1005.77,0.0,0
2023-05-10,30.56,21.79,9.85,0.0,1006.04,0.0,0
2023-05-11,31.5,22.0,9.85,0.0,1006.38,0.0,0
2023-05-12,33.95,18.17,8.8,0.0,1005.15,0.0,0
2023-05-13,34.91,18.67,9.85,5.83,1003.64,0.0,0
2023-05-14,35.75,18.92,14.06,22.46,1001.02,0.0,0
2023-05-15,34.32,20.96,10.49,8.25,1001.4,0.0,0
2023-05-16,33.05,29.46,11.59,10.17,1003.7,0.0,0
2023-05-17,33.85,30.5,11.51,13.62,1005.08,0.0,0
2023-05-18,32.87,33.92,10.09,7.75,1007.73,0.0,0
2023-05-19,33.63,30.75,11.15,2.58,1005.74,0.0,0
2023-05-20,34.28,22.67,8.64,2.54,1003.93,0.0,0
2023-05-21,36.39,17.5,14.95,12.0,1003.77,0.0,0
2023-05-22,36.9,20.38,18.52,15.83,1004.62,0.0,0
2023-05-23,37.12,22.88,17.68,34.08,1004.67,0.0,0
2023-05-24,33.6,36.04,9.96,55.08,1004.46,0.1,0
2023-05-25,30.85,47.96,10.0,58.96,1004.73,14.0,1
2023-05-26,30.17,49.5,9.37,45.88,1005.7,0.0,0
2023-05-27,29.15,57.33,10.38,44.92,1005.03,3.9,1
2023-05-28,29.84,58.29,6.46,66.79,1006.04,0.1,0
2023-05-29,28.88,60.58,6.26,32.96,1007.45,0.2,0
2023-05-30,29.72,57.29,5.12,5.71,1007.45,0.0,0
2023-05-31,29.76,48.83,12.25,2.88,1006.81,0.0,0
2023-06-01,30.35,47.29,7.46,4.04,1005.81,0.0,0
2023-06-02,31.22,50.12,9.81,24.42,1004.98,0.3,0
2023-06-03,33.17,42.08,8.49,24.5,1004.62,0.0,0
2023-06-04,32.6,42.0,8.17,19.96,1004.62,0.3,0
2023-06-05,31.59,45.62,9.1,19.0,1003.84,0.3,0
2023-06-06,33.75,35.75,8.98,8.0,1002.72,0.0,0
2023-06-07,33.88,31.67,10.2,3.58,1002.59,0.0,0
2023-06-08,33.9,32.96,11.72,7.25,1002.45,0.0,0
2023-06-09,33.92,40.38,14.95,16.71,1000.05,7.6,1
2023-06-10,35.29,33.42,16.26,14.5,998.62,0.0,0
2023-06-11,34.99,38.21,13.48,12.96,998.91,0.0,0
2023-06-12,36.26,35.5,15.58,7.88,998.32,0.0,0
2023-06-13,37.15,28.83,16.27,9.88,998.04,0.0,0
2023-06-14,36.72,32.62,21.62,15.38,999.41,0.0,0
2023-06-15,35.74,38.08,18.38,12.42,1000.49,0.0,0
2023-06-16,35.55,37.71,16.07,7.54,1000.24,0.0,0
2023-06-17,35.25,40.62,14.73,15.62,1000.37,0.0,0
2023-06-18,34.25,45.58,12.31,32.88,1000.22,0.0,0
2023-06-19,28.97,73.46,21.21,98.83,997.4,20.3,1
2023-06-20,27.25,87.88,21.48,99.92,997.68,36.4,1
2023-06-21,29.33,77.71,13.31,95.71,1000.04,1.3,1
2023-06-22,28.82,81.42,13.61,84.21,1000.64,17.5,1
2023-06-23,30.25,77.42,11.67,93.0,1000.51,7.2,1
2023-06-24,30.85,74.96,9.0,99.75,999.44,16.4,1
2023-06-25,29.27,82.54,6.77,100.0,1000.19,14.5,1
2023-06-26,29.14,78.71,6.55,98.0,1000.85,4.5,1
2023-06-27,28.99,79.54,4.93,97.88,999.98,18.2,1
2023-06-28,30.07,75.12,6.38,81.08,1000.64,3.4,1
2023-06-29,28.42,82.67,5.47,94.71,1000.02,27.5,1
2023-06-30,27.51,87.83,5.72,95.83,998.83,15.4,1
2023-07-01,28.25,85.04,10.08,97.21,999.64,3.5,1
2023-07-02,30.25,72.92,11.75,93.54,1000.57,5.1,1
2023-07-03,31.33,71.5,10.13,53.71,1000.17,0.1,0
2023-07-04,30.89,75.38,7.28,62.83,998.56,13.3,1
2023-07-05,29.98,80.54,5.81,99.54,998.11,4.6,1
2023-07-06,29.22,81.5,7.36,99.46,1000.1,1.3,1
2023-07-07,29.75,81.54,6.59,99.96,1000.57,9.6,1
2023-07-08,28.21,85.88,7.15,99.88,1000.65,34.9,1
2023-07-09,28.68,85.33,5.43,93.33,1000.52,29.1,1
2023-07-10,29.15,83.12,4.88,78.12,1000.29,3.1,1
2023-07-11,28.51,87.12,4.68,92.67,1000.46,15.5,1
2023-07-12,29.11,83.83,5.02,99.83,1000.14,9.8,1
2023-07-13,28.95,85.92,4.3,100.0,1000.49,5.6,1
2023-07-14,30.27,77.83,6.32,94.75,1001.28,0.4,0
2023-07-15,28.5,85.04,9.7,99.88,1001.7,9.3,1
2023-07-16,28.55,84.17,9.07,76.83,1001.24,32.5,1
2023-07-17,29.48,82.04,5.19,74.42,1000.08,4.8,1
2023-07-18,29.44,82.29,5.75,74.62,999.62,6.8,1
2023-07-19,30.14,78.88,8.92,66.67,999.0,2.4,1
2023-07-20,31.76,71.75,9.06,26.38,998.6,0.3,0
2023-07-21,32.29,68.67,10.56,56.58,1000.27,0.2,0
2023-07-22,31.7,69.62,16.98,38.75,1002.29,0.0,0
2023-07-23,31.21,70.88,15.87,73.58,1002.04,0.4,0
2023-07-24,30.8,73.83,9.43,86.33,1000.59,3.1,1
2023-07-25,30.36,79.17,5.93,98.92,1001.35,7.1,1
2023-07-26,29.34,81.83,4.47,99.92,1003.1,6.3,1
2023-07-27,29.81,80.17,5.63,99.67,1002.17,0.8,0
2023-07-28,29.12,83.04,7.61,99.88,1000.51,7.9,1
2023-07-29,28.67,81.21,12.99,84.29,1000.56,3.1,1
2023-07-30,28.16,82.88,14.08,74.12,999.93,20.7,1
2023-07-31,30.2,74.46,14.6,39.88,999.17,0.3,0
2023-08-01,30.3,74.88,14.95,58.92,998.39,1.2,1
2023-08-02,28.92,83.0,12.49,96.25,998.91,20.7,1
2023-08-03,28.63,83.29,12.64,99.54,998.92,15.4,1
2023-08-04,28.02,86.5,9.3,99.96,1000.73,42.4,1
2023-08-05,28.09,86.46,11.44,98.33,1002.62,24.8,1
2023-08-06,28.72,81.21,16.05,100.0,1000.6,4.7,1
2023-08-07,29.43,69.83,18.35,93.54,998.58,0.0,0
2023-08-08,29.23,70.25,18.45,81.88,1000.08,0.0,0
2023-08-09,29.62,69.71,17.31,88.71,1003.22,0.0,0
2023-08-10,29.37,71.38,13.24,86.71,1004.5,0.0,0
2023-08-11,29.9,67.83,12.65,91.75,1004.19,0.0,0
2023-08-12,29.74,66.79,16.62,91.08,1002.72,0.0,0
2023-08-13,29.28,69.67,14.47,95.58,1001.2,0.1,0
2023-08-14,28.34,75.38,7.21,98.0,1003.87,0.0,0
2023-08-15,29.16,76.46,8.64,55.79,1004.13,0.9,0
2023-08-16,30.16,71.92,13.19,39.42,1003.82,0.0,0
2023-08-17,30.94,67.25,12.13,69.96,1003.3,1.9,1
2023-08-18,31.01,67.5,10.72,79.0,1002.61,0.0,0
2023-08-19,29.51,79.83,6.93,77.29,1002.56,25.8,1
2023-08-20,29.77,80.33,9.02,55.21,1002.8,3.3,1
2023-08-21,31.21,73.83,5.0,86.67,1002.07,0.0,0
2023-08-22,29.97,82.88,10.33,99.92,1001.41,23.7,1
2023-08-23,27.67,88.62,13.17,100.0,1001.15,58.7,1
2023-08-24,28.01,76.88,15.89,95.67,1000.22,1.8,1
2023-08-25,28.88,70.25,15.04,85.96,1000.53,0.0,0
2023-08-26,28.71,68.42,14.43,43.62,1002.24,0.4,0
2023-08-27,28.72,66.92,16.91,12.79,1002.54,0.0,0
2023-08-28,28.8,66.29,15.61,9.38,1002.34,0.0,0
2023-08-29,29.3,65.92,13.86,4.67,1004.08,0.0,0
2023-08-30,29.49,69.29,11.44,7.92,1005.61,0.6,0
2023-08-31,30.14,68.96,9.52,8.33,1005.82,0.0,0
2023-09-01,31.03,63.38,9.78,4.0,1005.39,0.0,0
2023-09-02,31.07,59.08,12.32,3.17,1004.41,0.0,0
2023-09-03,30.44,55.67,11.4,2.25,1003.36,0.0,0
2023-09-04,30.34,56.38,10.54,0.29,1002.28,0.0,0
2023-09-05,28.34,78.42,7.68,49.04,1002.71,4.7,1
2023-09-06,27.59,85.5,7.44,73.58,1004.12,16.5,1
2023-09-07,28.8,75.5,7.55,97.42,1003.44,0.6,0
2023-09-08,28.05,82.58,10.78,95.67,1003.01,6.5,1
2023-09-09,26.45,89.71,11.09,97.62,1001.5,25.9,1
2023-09-10,25.75,95.25,6.2,98.46,1000.22,48.0,1
2023-09-11,27.12,85.92,7.83,87.67,1000.65,10.2,1
2023-09-12,27.5,86.33,5.88,96.92,1001.68,12.9,1
2023-09-13,28.7,84.62,3.98,92.96,1002.22,0.7,0
2023-09-14,28.53,85.21,5.67,99.58,1003.39,10.3,1
2023-09-15,29.86,78.12,12.0,94.88,1003.13,0.5,0
2023-09-16,28.68,79.21,19.82,98.79,1001.5,20.6,1
2023-09-17,27.88,76.04,19.21,78.46,1001.1,1.0,1
2023-09-18,27.44,78.88,10.19,39.29,1003.16,3.9,1
2023-09-19,29.0,75.0,5.7,30.29,1005.3,0.0,0
2023-09-20,29.38,76.42,5.62,23.88,1005.86,0.0,0
2023-09-21,29.32,78.75,5.31,76.38,1005.28,1.3,1
2023-09-22,28.64,82.25,5.45,75.0,1005.56,7.3,1
2023-09-23,28.01,84.33,6.36,73.21,1006.03,6.5,1
2023-09-24,28.58,79.88,6.51,21.5,1005.7,0.2,0
2023-09-25,28.75,78.58,4.61,22.29,1005.81,1.5,1
2023-09-26,28.99,76.83,4.63,9.21,1006.78,0.0,0
2023-09-27,29.27,72.21,5.95,2.83,1006.57,0.0,0
2023-09-28,28.31,62.79,6.75,6.54,1006.36,0.0,0
2023-09-29,27.04,62.21,5.38,11.79,1006.36,0.0,0
2023-09-30,28.0,62.08,6.15,27.79,1005.93,0.0,0
2023-10-01,28.42,62.67,6.9,50.71,1005.2,0.0,0
2023-10-02,27.98,55.88,8.08,26.25,1006.25,0.0,0
2023-10-03,26.34,49.62,9.4,28.17,1007.45,0.0,0
2023-10-04,25.73,51.58,9.76,0.0,1007.75,0.0,0
2023-10-05,26.49,54.58,8.53,0.0,1007.07,0.0,0
2023-10-06,27.13,55.79,7.03,6.67,1006.1,0.0,0
2023-10-07,28.5,53.12,9.65,0.46,1007.05,0.0,0
2023-10-08,29.45,50.21,13.14,0.29,1008.02,0.0,0
2023-10-09,29.72,49.29,13.14,0.42,1009.1,0.0,0
2023-10-10,29.18,49.33,11.53,5.54,1009.71,0.0,0
2023-10-11,28.65,51.17,9.24,5.17,1010.13,0.0,0
2023-10-12,27.7,48.62,5.8,0.0,1011.59,0.0,0
2023-10-13,28.07,46.33,7.92,0.0,1012.21,0.0,0
2023-10-14,28.31,48.54,7.35,8.21,1011.53,0.0,0
2023-10-15,28.27,46.75,8.92,51.46,1009.5,0.0,0
2023-10-16,26.41,55.58,10.04,73.12,1010.92,0.4,0
2023-10-17,23.74,77.29,7.28,19.17,1014.22,3.8,1
2023-10-18,24.11,68.67,7.2,4.75,1014.98,0.0,0
2023-10-19,24.07,56.29,6.27,0.0,1014.91,0.0,0
2023-10-20,24.45,59.12,5.77,0.25,1015.05,0.0,0
2023-10-21,25.1,59.58,5.7,2.79,1015.21,0.0,0
2023-10-22,24.62,59.46,6.03,0.0,1015.5,0.0,0
2023-10-23,24.45,56.42,6.47,2.54,1014.28,0.0,0
2023-10-24,23.99,56.0,6.94,3.25,1013.66,0.0,0
2023-10-25,23.6,54.92,8.06,2.71,1014.46,0.0,0
2023-10-26,23.34,55.79,7.92,0.0,1014.24,0.0,0
2023-10-27,23.72,50.21,5.0,24.0,1013.51,0.0,0
2023-10-28,23.54,49.96,6.21,79.38,1013.66,0.0,0
2023-10-29,23.98,56.79,5.86,5.17,1013.59,0.0,0
2023-10-30,24.72,59.08,6.21,15.21,1013.92,0.0,0
2023-10-31,24.66,62.62,5.72,39.25,1015.29,0.0,0
2023-11-01,24.31,65.71,5.59,5.5,1015.8,0.0,0
2023-11-02,24.29,61.79,5.11,1.25,1014.32,0.0,0
2023-11-03,23.63,59.58,8.22,4.67,1012.25,0.0,0
2023-11-04,23.96,57.04,5.65,34.5,1012.62,0.0,0
2023-11-05,24.45,49.21,7.31,4.67,1013.94,0.0,0
2023-11-06,23.88,61.92,5.58,4.79,1015.35,0.0,0
2023-11-07,23.88,62.04,6.84,4.88,1014.82,0.0,0
2023-11-08,23.79,57.17,7.47,37.75,1013.71,0.0,0
2023-11-09,23.8,58.79,6.48,5.71,1014.01,0.0,0
2023-11-10,23.47,61.54,8.76,28.21,1015.28,0.1,0
2023-11-11,21.66,74.0,7.33,12.75,1017.33,0.0,0
2023-11-12,20.57,69.42,7.21,0.62,1018.16,0.0,0
2023-11-13,20.58,70.25,5.21,68.54,1017.78,0.0,0
2023-11-14,21.24,68.88,5.44,72.79,1017.22,0.0,0
2023-11-15,19.86,68.88,5.61,4.33,1017.22,0.0,0
2023-11-16,19.78,63.58,4.34,0.0,1017.86,0.0,0
2023-11-17,19.78,66.88,5.42,2.42,1017.56,0.0,0
2023-11-18,19.35,70.29,4.7,8.58,1016.4,0.0,0
2023-11-19,20.73,66.92,5.77,3.12,1016.88,0.0,0
2023-11-20,20.71,70.25,5.77,0.33,1017.34,0.0,0
2023-11-21,20.47,69.46,6.25,4.54,1016.32,0.0,0
2023-11-22,19.51,71.08,6.15,0.0,1014.78,0.0,0
2023-11-23,18.72,69.42,4.8,0.0,1014.13,0.0,0
2023-11-24,18.54,70.08,6.31,0.0,1015.83,0.0,0
2023-11-25,18.86,73.42,4.12,24.38,1017.15,0.0,0
2023-11-26,19.15,68.92,8.2,84.5,1017.31,0.0,0
2023-11-27,19.4,73.75,6.99,69.92,1015.28,1.5,1
2023-11-28,19.42,76.12,6.99,38.58,1014.47,1.6,1
2023-11-29,19.7,75.71,5.2,7.46,1014.99,0.1,0
2023-11-30,19.89,80.79,6.07,28.46,1015.7,0.2,0
2023-12-01,19.84,84.5,5.65,45.38,1016.38,0.5,0
2023-12-02,20.09,80.88,6.55,22.12,1016.7,2.4,1
2023-12-03,20.01,77.67,8.53,50.58,1016.87,7.2,1
2023-12-04,18.01,89.17,7.03,76.54,1016.01,21.4,1
2023-12-05,18.05,83.96,5.97,55.04,1015.5,0.0,0
2023-12-06,17.75,76.21,6.0,12.54,1016.21,0.0,0
2023-12-07,19.43,70.58,6.18,43.42,1015.49,0.0,0
2023-12-08,18.82,74.83,5.1,5.33,1015.46,0.0,0
2023-12-09,18.25,72.88,6.35,3.25,1016.35,0.0,0
2023-12-10,16.94,72.0,7.38,2.83,1015.0,0.0,0
2023-12-11,16.47,73.92,5.11,0.0,1015.45,0.0,0
2023-12-12,17.34,67.12,6.26,0.0,1014.42,0.0,0
2023-12-13,16.78,69.46,4.23,0.0,1016.29,0.0,0
2023-12-14,16.98,71.71,6.63,20.08,1017.47,0.0,0
2023-12-15,15.47,79.21,4.98,12.67,1018.52,0.0,0
2023-12-16,16.12,74.38,5.53,0.62,1017.23,0.0,0
2023-12-17,15.89,72.75,5.62,12.38,1018.04,0.0,0
2023-12-18,14.77,73.33,8.08,13.62,1019.94,0.0,0
2023-12-19,13.86,69.21,7.75,40.29,1020.51,0.0,0
2023-12-20,13.44,74.21,6.57,91.21,1020.05,0.0,0
2023-12-21,14.16,75.75,8.13,98.96,1018.14,0.0,0
2023-12-22,14.05,80.54,5.28,80.42,1017.62,0.0,0
2023-12-23,14.84,81.67,7.48,14.54,1019.42,0.0,0
2023-12-24,14.78,83.88,4.66,22.71,1020.88,0.0,0
2023-12-25,14.82,84.54,5.09,21.21,1019.63,0.0,0
2023-12-26,15.58,79.38,4.89,21.33,1019.16,0.0,0
2023-12-27,14.9,82.04,5.3,47.12,1020.0,0.0,0
2023-12-28,13.69,87.79,5.11,20.75,1019.06,0.0,0
2023-12-29,12.35,90.29,5.01,46.21,1019.59,0.0,0
2023-12-30,11.67,91.42,4.46,51.25,1018.65,0.0,0
2023-12-31,12.53,87.38,5.78,51.79,1018.29,0.0,0
2024-01-01,13.92,83.12,5.85,78.46,1018.27,0.0,0
2024-01-02,14.38,81.04,6.25,98.38,1017.76,0.0,0
2024-01-03,14.8,78.54,6.91,73.29,1017.2,0.0,0
2024-01-04,14.15,84.92,5.84,47.5,1017.37,0.1,0
2024-01-05,13.6,83.88,5.06,61.58,1017.64,0.0,0
2024-01-06,13.9,82.96,5.58,40.08,1019.02,0.0,0
2024-01-07,12.32,85.04,5.44,15.21,1019.89,0.0,0
2024-01-08,12.86,86.42,6.99,12.17,1019.62,0.0,0
2024-01-09,13.34,90.83,6.76,47.0,1019.37,1.7,1
2024-01-10,10.98,88.0,8.3,26.12,1018.95,0.0,0
2024-01-11,11.39,88.46,6.26,31.79,1019.4,0.0,0
2024-01-12,11.85,84.46,4.92,40.58,1018.53,0.0,0
2024-01-13,12.87,85.33,5.44,57.54,1017.11,0.0,0
2024-01-14,13.31,86.46,4.42,47.33,1017.26,0.0,0
2024-01-15,12.17,83.08,6.1,50.0,1017.02,0.0,0
2024-01-16,11.35,84.17,5.74,81.17,1014.97,0.0,0
2024-01-17,10.72,85.04,6.95,22.25,1014.93,0.0,0
2024-01-18,9.75,90.17,4.69,59.17,1017.39,0.0,0
2024-01-19,9.98,89.38,4.93,48.79,1018.87,0.0,0
2024-01-20,9.33,89.42,5.53,40.79,1019.34,0.0,0
2024-01-21,10.72,89.29,5.29,71.08,1018.8,0.0,0
2024-01-22,10.54,90.88,4.69,52.04,1019.55,0.0,0
2024-01-23,10.97,91.38,5.75,49.17,1018.83,0.0,0
2024-01-24,12.36,87.62,5.37,44.71,1018.38,0.0,0
2024-01-25,12.25,89.25,4.48,77.92,1020.76,0.0,0
2024-01-26,12.13,88.0,5.31,89.54,1021.26,0.0,0
2024-01-27,13.72,83.17,7.3,59.12,1019.95,0.0,0
2024-01-28,15.88,77.88,7.23,82.75,1017.85,0.0,0
2024-01-29,16.26,81.58,7.76,49.33,1017.3,0.0,0
2024-01-30,15.32,88.71,4.25,99.88,1016.97,0.0,0
2024-01-31,17.24,80.17,6.89,49.58,1015.41,0.0,0
2024-02-01,17.65,82.42,7.32,13.62,1015.44,0.4,0
2024-02-02,15.32,83.29,8.03,31.21,1018.65,0.0,0
2024-02-03,15.25,71.88,5.73,49.75,1018.19,0.0,0
2024-02-04,18.53,77.54,7.87,88.79,1016.52,13.2,1
2024-02-05,17.21,89.0,8.76,53.12,1016.88,4.7,1
2024-02-06,14.43,76.5,7.09,55.38,1019.44,0.0,0
2024-02-07,13.5,71.54,8.69,69.58,1020.27,0.0,0
2024-02-08,13.59,66.42,12.0,22.25,1019.78,0.0,0
2024-02-09,13.03,67.96,6.36,0.0,1019.56,0.0,0
2024-02-10,14.33,66.83,5.23,0.0,1021.1,0.0,0
2024-02-11,14.95,71.58,6.28,0.0,1020.6,0.0,0
2024-02-12,14.92,79.0,5.34,47.67,1019.4,0.0,0
2024-02-13,16.6,80.75,6.93,27.29,1018.1,0.1,0
2024-02-14,18.0,75.21,7.65,37.54,1017.95,0.0,0
2024-02-15,16.27,75.96,7.53,0.0,1019.42,0.0,0
2024-02-16,16.83,75.33,7.19,0.0,1019.65,0.0,0
2024-02-17,17.28,68.04,7.04,0.0,1015.49,0.0,0
2024-02-18,18.95,57.54,7.75,57.25,1012.38,0.0,0
2024-02-19,21.47,52.04,11.47,9.38,1010.69,0.0,0
2024-02-20,22.22,57.46,12.14,11.92,1010.35,0.3,0
2024-02-21,19.95,62.62,7.94,38.42,1010.04,0.0,0
2024-02-22,18.1,56.83,7.66,28.04,1012.87,0.0,0
2024-02-23,16.76,50.17,6.98,2.46,1015.68,0.0,0
2024-02-24,17.01,52.33,9.56,24.88,1015.59,0.0,0
2024-02-25,17.41,49.21,9.29,61.58,1017.5,0.0,0
2024-02-26,17.96,47.75,9.28,96.54,1017.89,0.0,0
2024-02-27,17.75,57.42,8.53,14.42,1017.0,0.0,0
2024-02-28,17.56,59.88,9.01,0.0,1016.06,0.0,0
2024-02-29,18.83,63.62,6.21,0.0,1015.0,0.0,0
2024-03-01,21.92,53.96,11.76,39.58,1013.42,0.0,0
2024-03-02,21.49,71.21,13.15,80.75,1011.58,6.9,1
2024-03-03,19.85,76.38,10.21,48.12,1011.31,4.4,1
2024-03-04,17.47,62.79,9.66,28.25,1015.3,0.0,0
2024-03-05,16.02,58.46,7.33,2.46,1017.05,0.0,0
2024-03-06,16.06,62.21,7.18,21.0,1015.59,0.0,0
2024-03-07,17.78,62.42,6.18,0.04,1014.72,0.0,0
2024-03-08,19.13,57.67,6.62,0.0,1015.22,0.0,0
2024-03-09,18.88,58.33,6.9,7.12,1015.71,0.0,0
2024-03-10,19.25,62.67,5.9,29.79,1015.25,0.0,0
2024-03-11,21.85,55.58,6.86,4.42,1015.36,0.0,0
2024-03-12,22.84,53.83,7.53,5.88,1013.08,0.0,0
2024-03-13,23.02,50.42,7.22,4.5,1011.48,0.0,0
2024-03-14,22.17,55.04,7.68,2.21,1012.86,0.0,0
2024-03-15,21.36,49.04,8.38,7.83,1013.42,0.0,0
2024-03-16,19.9,49.71,6.62,44.5,1015.28,0.0,0
2024-03-17,20.63,48.75,7.28,66.96,1014.71,0.0,0
2024-03-18,20.9,50.58,7.1,0.0,1013.22,0.0,0
2024-03-19,21.35,48.5,8.67,9.5,1012.75,0.0,0
2024-03-20,22.35,48.38,6.68,0.0,1012.87,0.0,0
2024-03-21,22.64,53.12,10.65,9.58,1012.58,0.0,0
2024-03-22,24.24,54.79,8.11,5.88,1009.28,0.0,0
2024-03-23,25.78,44.08,9.05,23.58,1007.65,0.0,0
2024-03-24,27.1,39.17,9.78,57.21,1009.31,0.0,0
2024-03-25,25.83,47.29,9.44,1.25,1011.62,0.0,0
2024-03-26,26.38,46.83,6.9,45.25,1011.21,0.0,0
2024-03-27,27.45,45.46,6.41,13.46,1012.08,0.0,0
2024-03-28,29.02,41.17,5.98,86.08,1009.2,0.0,0
2024-03-29,29.45,44.04,7.01,78.17,1008.16,0.0,0
2024-03-30,30.0,33.0,12.39,24.92,1009.03,0.0,0
2024-03-31,28.8,23.21,14.1,5.62,1009.97,0.0,0
2024-04-01,27.1,31.21,10.78,61.29,1008.28,0.0,0
2024-04-02,27.0,29.67,8.2,49.04,1007.48,0.0,0
2024-04-03,28.14,32.75,6.47,82.38,1007.7,0.0,0
2024-04-04,28.78,30.79,8.52,92.29,1007.71,0.0,0
2024-04-05,29.64,27.33,10.17,87.88,1007.19,0.0,0
2024-04-06,28.44,30.21,5.85,51.42,1007.41,0.0,0
2024-04-07,28.58,23.92,9.61,0.54,1007.36,0.0,0
2024-04-08,29.5,17.42,7.72,2.17,1008.43,0.0,0
2024-04-09,29.06,23.38,10.04,66.29,1008.91,0.0,0
2024-04-10,27.68,31.92,11.11,53.38,1009.56,0.7,0
2024-04-11,28.36,29.62,8.38,19.46,1009.97,0.0,0
2024-04-12,29.91,26.46,8.08,67.21,1009.26,0.0,0
2024-04-13,29.08,39.12,6.14,53.54,1008.85,0.0,0
2024-04-14,29.32,43.5,8.11,45.71,1009.97,0.0,0
2024-04-15,29.72,44.04,8.07,68.83,1010.58,1.7,1
2024-04-16,30.94,31.38,11.51,15.42,1009.03,0.0,0
2024-04-17,30.49,26.46,13.39,31.42,1008.12,0.0,0
2024-04-18,32.22,21.29,11.92,33.62,1006.46,0.0,0
2024-04-19,32.56,26.42,12.89,6.58,1004.26,0.0,0
2024-04-20,31.31,20.79,13.71,48.75,1003.76,0.0,0
2024-04-21,30.43,26.0,8.82,65.83,1005.34,0.0,0
2024-04-22,30.62,25.71,9.3,1.79,1005.69,0.0,0
2024-04-23,32.12,21.71,8.85,16.79,1004.91,0.0,0
2024-04-24,31.78,21.96,8.21,4.17,1005.14,0.0,0
2024-04-25,32.28,20.71,9.1,0.83,1005.27,0.0,0
2024-04-26,32.27,24.5,10.22,44.54,1004.77,0.0,0
2024-04-27,32.85,27.5,16.15,75.17,1005.48,0.0,0
2024-04-28,31.9,18.75,10.79,6.58,1005.75,0.0,0
2024-04-29,32.8,21.29,11.07,21.33,1005.14,0.0,0
2024-04-30,31.88,20.17,14.77,0.0,1004.5,0.0,0
2024-05-01,29.31,14.88,11.9,0.0,1002.32,0.0,0
2024-05-02,28.15,19.71,9.94,31.58,1004.43,0.0,0
2024-05-03,30.51,19.17,8.03,55.54,1005.08,0.0,0
2024-05-04,32.42,16.75,6.1,91.96,1004.85,0.0,0
2024-05-05,34.4,19.5,13.8,37.75,1000.8,0.0,0
2024-05-06,33.8,21.0,9.1,2.96,1002.62,0.0,0
2024-05-07,35.25,20.88,8.52,15.33,1003.85,0.0,0
2024-05-08,34.45,33.12,14.8,20.17,1004.08,0.0,0
2024-05-09,34.35,33.88,12.67,3.96,1003.33,0.0,0
2024-05-10,34.45,35.04,10.19,15.17,1004.37,0.0,0
2024-05-11,33.94,33.04,13.29,20.67,1006.65,0.0,0
2024-05-12,33.6,35.17,12.92,34.0,1006.62,0.0,0
2024-05-13,33.9,30.5,9.72,64.08,1006.62,0.0,0
2024-05-14,33.65,30.79,7.75,49.75,1007.38,0.0,0
2024-05-15,35.05,23.5,10.88,11.12,1007.18,0.0,0
2024-05-16,35.3,22.62,11.03,4.62,1006.3,0.0,0
2024-05-17,35.99,16.46,9.03,6.25,1003.39,0.0,0
2024-05-18,36.65,16.21,9.66,9.79,1000.56,0.0,0
2024-05-19,37.65,16.21,12.0,20.42,999.06,0.0,0
2024-05-20,37.26,16.88,10.82,19.92,999.75,0.0,0
2024-05-21,36.28,21.75,8.55,20.25,1000.45,0.0,0
2024-05-22,36.75,29.12,12.41,16.54,1000.7,0.0,0
2024-05-23,36.51,33.83,16.51,14.62,999.98,0.0,0
2024-05-24,35.76,38.83,12.28,2.29,999.86,0.0,0
2024-05-25,37.57,31.46,9.98,7.25,998.3,0.0,0
2024-05-26,37.94,19.5,10.05,0.0,996.47,0.0,0
2024-05-27,38.29,17.04,10.75,0.12,993.81,0.0,0
2024-05-28,38.65,14.25,15.42,2.08,992.15,0.0,0
2024-05-29,39.14,17.75,14.88,16.96,994.32,0.0,0
2024-05-30,38.78,22.96,17.88,14.67,997.48,0.2,0
2024-05-31,38.69,20.58,15.7,14.46,998.58,0.1,0
2024-06-01,38.66,16.08,14.08,31.38,999.38,0.0,0
2024-06-02,37.13,22.75,6.7,22.17,1001.47,0.0,0
2024-06-03,37.13,26.96,10.79,27.12,1000.94,0.0,0
2024-06-04,38.18,18.92,14.31,12.25,999.91,0.0,0
2024-06-05,37.55,20.83,13.77,7.29,1000.92,0.0,0
2024-06-06,36.85,24.42,9.26,6.83,1002.88,0.0,0
2024-06-07,36.69,26.58,10.01,5.38,1001.26,0.0,0
2024-06-08,36.91,26.12,10.53,17.17,1000.11,0.0,0
2024-06-09,36.89,23.67,9.45,9.25,999.86,0.0,0
2024-06-10,36.87,19.67,7.33,62.71,1000.24,0.0,0
2024-06-11,37.06,27.33,13.97,73.83,1000.1,0.0,0
2024-06-12,37.51,28.08,18.95,72.46,999.9,0.0,0
2024-06-13,37.98,27.42,19.27,26.46,999.03,0.0,0
2024-06-14,37.33,27.62,17.05,20.38,998.6,0.0,0
2024-06-15,38.1,24.67,13.9,4.67,998.13,0.0,0
2024-06-16,39.1,26.42,17.01,5.79,998.8,0.0,0
2024-06-17,39.03,31.46,19.02,26.29,999.0,0.0,0
2024-06-18,38.87,32.58,22.9,53.38,997.01,0.0,0
2024-06-19,37.46,37.96,21.02,39.12,995.49,0.0,0
2024-06-20,33.22,56.29,14.46,41.96,997.28,4.7,1
2024-06-21,30.76,67.42,10.7,55.79,999.42,1.0,1
2024-06-22,31.35,64.42,9.55,54.33,998.83,0.9,0
2024-06-23,32.53,62.42,4.87,68.04,999.01,3.1,1
2024-06-24,32.0,68.67,5.78,75.54,997.75,7.0,1
2024-06-25,31.38,75.04,4.58,87.96,996.9,20.6,1
2024-06-26,30.99,75.96,6.88,100.0,997.32,27.4,1
2024-06-27,30.65,75.25,10.75,94.88,999.43,41.4,1
2024-06-28,29.74,80.29,5.68,97.92,999.31,12.0,1
2024-06-29,29.12,82.92,9.04,92.92,998.98,8.4,1
2024-06-30,28.73,83.04,11.95,99.83,998.45,32.9,1
2024-07-01,30.25,75.62,13.82,88.29,996.1,1.1,1
2024-07-02,31.06,66.92,14.36,100.0,995.1,0.5,0
2024-07-03,30.07,75.29,9.95,99.92,997.28,15.6,1
2024-07-04,26.95,92.83,6.4,100.0,999.1,31.7,1
2024-07-05,28.02,85.96,7.9,99.08,996.15,19.8,1
2024-07-06,27.6,87.21,13.36,100.0,995.21,61.5,1
2024-07-07,28.6,82.42,8.85,97.62,998.6,7.2,1
2024-07-08,29.15,82.79,5.61,89.71,1001.1,7.5,1
2024-07-09,30.19,80.25,5.84,80.58,1001.52,1.3,1
2024-07-10,30.44,80.5,5.35,99.25,1002.04,15.7,1
2024-07-11,30.94,75.08,15.11,99.12,998.88,3.1,1
2024-07-12,30.31,76.5,13.99,71.17,996.83,0.6,0
2024-07-13,30.38,75.5,9.63,29.33,997.13,0.1,0
2024-07-14,30.96,72.5,9.0,32.96,996.7,0.0,0
2024-07-15,30.06,80.88,8.33,77.96,998.48,8.5,1
2024-07-16,30.99,75.46,12.05,43.83,998.99,10.2,1
2024-07-17,31.46,73.17,10.54,59.25,999.16,0.5,0
2024-07-18,30.79,78.79,5.59,87.92,998.42,8.7,1
2024-07-19,30.0,82.92,4.49,82.0,997.39,19.9,1
2024-07-20,30.58,80.25,5.88,60.92,997.82,16.3,1
2024-07-21,30.86,78.54,6.48,45.21,997.73,5.6,1
2024-07-22,31.32,73.88,7.51,69.38,997.85,1.9,1
2024-07-23,29.66,83.67,7.21,95.58,997.3,10.7,1
2024-07-24,29.02,85.0,8.95,99.67,994.46,9.1,1
2024-07-25,29.16,84.67,8.6,94.04,993.35,16.3,1
2024-07-26,28.48,87.25,9.65,98.29,994.9,13.4,1
2024-07-27,28.91,87.58,8.02,89.71,996.78,10.4,1
2024-07-28,29.94,81.75,12.06,66.08,996.29,14.2,1
2024-07-29,31.15,74.42,12.79,30.25,996.3,0.8,0
2024-07-30,31.07,78.17,7.1,51.75,998.45,2.9,1
2024-07-31,30.12,80.92,9.83,100.0,999.54,12.4,1
2024-08-01,28.04,85.79,7.98,99.92,998.98,15.1,1
2024-08-02,29.0,78.5,7.62,95.25,997.35,0.2,0
2024-08-03,28.53,84.25,5.78,88.17,999.19,10.9,1
2024-08-04,27.61,85.0,19.28,83.92,998.09,16.3,1
2024-08-05,29.05,76.54,18.7,60.58,999.3,0.8,0
2024-08-06,29.13,73.38,14.08,87.67,1000.37,0.4,0
2024-08-07,26.92,88.17,10.48,99.62,1001.41,14.9,1
2024-08-08,26.76,88.88,11.4,98.21,1002.56,17.1,1
2024-08-09,27.47,82.33,12.27,99.92,1003.44,7.0,1
2024-08-10,27.76,83.54,10.76,99.79,1002.48,4.1,1
2024-08-11,26.9,87.92,14.57,100.0,1000.92,18.2,1
2024-08-12,26.48,89.79,11.71,98.33,1001.43,53.7,1
2024-08-13,27.91,83.96,11.47,87.04,1002.65,8.7,1
2024-08-14,28.43,84.83,9.85,100.0,1003.11,9.9,1
2024-08-15,27.73,88.17,6.88,96.83,1002.0,17.0,1
2024-08-16,28.45,82.92,9.18,99.29,1001.51,2.0,1
2024-08-17,28.93,82.33,6.74,93.96,1003.87,0.0,0
2024-08-18,29.24,82.62,6.82,96.75,1004.74,4.5,1
2024-08-19,28.77,84.04,7.66,97.67,1003.9,1.0,1
2024-08-20,27.71,88.17,5.83,99.75,1003.95,10.8,1
2024-08-21,28.5,83.38,4.65,95.17,1004.89,1.3,1
2024-08-22,28.28,84.83,5.28,93.33,1004.03,10.4,1
2024-08-23,28.39,84.38,5.57,65.17,1003.94,9.2,1
2024-08-24,27.06,88.75,10.45,96.88,1002.71,28.4,1
2024-08-25,27.75,81.92,17.7,70.83,999.62,7.5,1
2024-08-26,27.55,84.75,12.95,75.62,1000.23,6.2,1
2024-08-27,26.53,88.46,8.53,99.54,1003.1,16.5,1
2024-08-28,28.11,82.25,5.7,77.33,1003.08,0.8,0
2024-08-29,28.43,77.62,5.54,55.71,1003.33,0.9,0
2024-08-30,28.04,85.25,4.16,57.0,1005.05,7.2,1
2024-08-31,28.75,83.58,6.67,42.83,1004.71,0.7,0
2024-09-01,28.89,84.75,7.05,72.75,1004.08,7.5,1
2024-09-02,28.58,82.04,10.26,67.29,1004.24,4.0,1
2024-09-03,29.16,81.92,9.58,41.62,1004.28,3.6,1
2024-09-04,28.03,86.92,5.04,98.21,1003.24,11.9,1
2024-09-05,26.8,88.12,5.18,95.58,1001.78,4.3,1
2024-09-06,27.52,86.33,5.96,86.29,1002.82,9.2,1
2024-09-07,27.81,87.42,4.94,89.12,1003.65,12.3,1
2024-09-08,27.38,89.12,3.71,95.83,1003.52,10.2,1
2024-09-09,27.98,86.67,3.85,91.92,1001.48,10.8,1
2024-09-10,28.0,86.46,6.51,77.75,1000.65,17.4,1
2024-09-11,26.04,93.33,14.89,100.0,998.92,69.0,1
2024-09-12,26.05,90.62,22.83,99.46,996.7,77.8,1
2024-09-13,27.8,81.0,19.51,78.67,1001.48,2.3,1
2024-09-14,27.16,78.17,12.27,30.75,1003.08,0.0,0
2024-09-15,27.41,74.33,11.68,7.88,1003.69,0.0,0
2024-09-16,27.69,70.42,10.99,54.12,1004.96,0.0,0
2024-09-17,27.65,76.04,10.66,75.08,1005.54,0.8,0
2024-09-18,24.46,91.5,15.14,93.54,1002.55,112.9,1
2024-09-19,25.74,83.75,5.43,63.04,1004.37,1.1,1
2024-09-20,26.76,80.25,3.29,23.33,1005.14,0.2,0
2024-09-21,28.29,78.46,3.71,30.0,1006.2,0.0,0
2024-09-22,29.14,77.33,6.09,11.12,1005.47,0.0,0
2024-09-23,29.63,77.96,5.84,20.29,1004.85,0.4,0
2024-09-24,29.56,77.83,3.67,33.71,1003.86,0.0,0
2024-09-25,29.31,79.04,8.92,60.88,1003.73,1.1,1
2024-09-26,28.08,79.5,11.03,65.5,1003.38,0.9,0
2024-09-27,27.02,81.79,8.11,96.58,1002.94,0.5,0
2024-09-28,26.04,87.08,5.95,100.0,1005.34,1.1,1
2024-09-29,26.8,85.25,5.6,95.83,1008.04,3.3,1
2024-09-30,27.92,78.17,8.1,19.92,1008.01,0.3,0
2024-10-01,29.0,71.71,10.01,0.08,1005.41,0.0,0
2024-10-02,29.9,66.33,13.4,0.0,1004.89,0.0,0
2024-10-03,29.71,63.83,13.2,1.83,1004.48,0.0,0
2024-10-04,28.55,65.04,11.95,2.46,1005.69,0.0,0
2024-10-05,28.38,66.46,9.74,1.04,1007.75,0.0,0
2024-10-06,28.48,68.04,6.94,6.5,1010.42,0.0,0
2024-10-07,27.89,70.88,6.62,3.88,1012.12,0.0,0
2024-10-08,28.02,67.96,5.52,2.75,1011.82,0.0,0
2024-10-09,27.65,65.33,7.71,5.17,1009.8,0.0,0
2024-10-10,27.45,65.58,5.82,56.42,1009.33,0.0,0
2024-10-11,27.4,66.29,7.23,77.46,1009.71,0.0,0
2024-10-12,27.82,64.21,7.68,57.08,1010.35,0.0,0
2024-10-13,26.86,67.42,6.99,75.17,1011.39,0.0,0
2024-10-14,26.24,70.42,4.69,32.33,1011.64,0.0,0
2024-10-15,26.28,65.25,6.67,3.33,1010.78,0.0,0
2024-10-16,26.32,54.88,6.75,15.92,1009.89,0.0,0
2024-10-17,27.14,56.96,5.78,4.92,1009.96,0.0,0
2024-10-18,26.96,61.38,5.79,4.58,1009.97,0.0,0
2024-10-19,27.45,55.21,7.7,2.12,1010.46,0.0,0
2024-10-20,27.45,53.71,7.15,5.92,1011.51,0.0,0
2024-10-21,27.5,57.5,8.25,6.79,1012.1,0.2,0
2024-10-22,26.61,63.38,6.13,4.38,1012.67,0.0,0
2024-10-23,26.33,65.0,7.62,3.54,1012.27,0.0,0
2024-10-24,26.12,61.62,8.69,0.0,1011.0,0.0,0
2024-10-25,25.82,62.38,7.13,0.0,1010.66,0.0,0
2024-10-26,25.98,65.0,9.0,0.0,1010.2,0.0,0
2024-10-27,26.01,68.04,4.9,1.04,1009.38,0.0,0
2024-10-28,26.09,70.71,4.64,0.96,1008.45,0.0,0
2024-10-29,26.94,67.33,5.33,0.0,1008.94,0.0,0
2024-10-30,27.7,61.25,8.88,0.04,1009.62,0.0,0
2024-10-31,27.31,56.33,7.85,0.17,1011.05,0.0,0
2024-11-01,26.82,57.71,7.29,0.04,1012.45,0.0,0
2024-11-02,26.31,57.12,5.92,2.54,1013.19,0.0,0
2024-11-03,26.15,57.33,6.45,0.0,1013.55,0.0,0
2024-11-04,24.55,63.46,5.1,0.0,1012.66,0.0,0
2024-11-05,24.27,61.79,5.78,0.0,1014.37,0.0,0
2024-11-06,24.32,64.04,4.71,0.0,1014.92,0.0,0
2024-11-07,24.81,67.62,4.97,3.29,1014.07,0.0,0
2024-11-08,24.65,68.75,5.81,0.5,1013.8,0.0,0
2024-11-09,24.68,66.08,6.15,0.0,1014.2,0.0,0
2024-11-10,24.92,64.67,7.38,0.0,1014.18,0.0,0
2024-11-11,24.73,63.5,6.28,0.0,1013.84,0.0,0
2024-11-12,24.27,66.08,4.01,1.0,1013.53,0.0,0
2024-11-13,23.39,64.29,4.28,0.0,1012.8,0.0,0
2024-11-14,22.48,65.83,4.71,0.17,1014.6,0.0,0
2024-11-15,22.09,66.0,5.2,0.83,1014.22,0.0,0
2024-11-16,22.31,64.71,5.45,3.75,1013.2,0.0,0
2024-11-17,21.72,66.67,5.12,5.79,1013.5,0.0,0
2024-11-18,20.15,68.38,7.11,0.0,1015.5,0.0,0
2024-11-19,18.75,67.25,5.0,0.0,1016.72,0.0,0
2024-11-20,17.82,66.42,5.42,0.0,1015.75,0.0,0
2024-11-21,17.76,66.42,6.75,0.0,1015.22,0.0,0
2024-11-22,17.97,68.5,5.37,0.0,1015.0,0.0,0
2024-11-23,18.46,69.04,5.02,0.0,1015.68,0.0,0
2024-11-24,18.67,69.96,7.43,3.79,1015.6,0.0,0
2024-11-25,19.05,68.54,8.18,0.67,1015.43,0.0,0
2024-11-26,18.35,71.46,4.77,0.0,1015.49,0.0,0
2024-11-27,18.15,73.75,4.39,0.0,1014.9,0.0,0
2024-11-28,17.55,72.79,3.45,0.0,1016.23,0.0,0
2024-11-29,16.83,75.29,2.38,0.0,1016.92,0.0,0
2024-11-30,16.5,76.5,3.11,0.0,1015.31,0.0,0
2024-12-01,17.02,77.88,5.29,0.0,1013.47,0.0,0
2024-12-02,17.66,77.75,3.29,0.0,1013.69,0.0,0
2024-12-03,17.67,77.17,4.5,0.0,1015.57,0.0,0
2024-12-04,17.76,75.42,7.55,0.83,1015.18,0.0,0
2024-12-05,17.2,70.5,5.0,0.0,1014.88,0.0,0
2024-12-06,16.46,70.04,5.93,17.12,1013.82,0.0,0
2024-12-07,15.74,72.79,4.24,0.0,1013.19,0.0,0
2024-12-08,16.09,73.96,9.77,1.42,1012.82,0.0,0
2024-12-09,14.7,74.0,8.12,2.75,1015.01,0.0,0
2024-12-10,13.57,72.33,8.03,0.0,1017.47,0.0,0
2024-12-11,12.72,66.54,5.95,11.5,1017.48,0.0,0
2024-12-12,12.09,68.62,6.71,22.88,1016.7,0.0,0
2024-12-13,13.01,59.71,9.56,33.92,1018.13,0.0,0
2024-12-14,12.86,58.67,8.5,0.0,1018.52,0.0,0
2024-12-15,12.24,74.67,5.98,0.0,1019.33,0.0,0
2024-12-16,12.0,78.38,3.99,0.0,1017.69,0.0,0
2024-12-17,12.01,82.92,2.51,16.67,1016.09,0.0,0
2024-12-18,12.03,84.58,2.69,43.08,1015.78,0.0,0
2024-12-19,13.45,82.92,7.2,15.25,1015.39,0.0,0
2024-12-20,14.31,82.62,4.96,3.25,1014.72,0.0,0
2024-12-21,14.53,80.88,3.51,12.12,1015.6,0.0,0
2024-12-22,14.57,75.62,5.32,32.96,1015.62,0.0,0
2024-12-23,15.89,69.17,10.9,51.17,1014.8,2.9,1
2024-12-24,16.46,85.12,8.64,68.29,1015.8,8.3,1
2024-12-25,16.69,87.46,4.92,56.71,1018.3,0.1,0
2024-12-26,16.95,83.33,7.37,52.54,1020.13,0.2,0
2024-12-27,19.27,83.33,10.55,52.04,1017.63,9.6,1
2024-12-28,17.65,91.96,8.05,61.83,1017.68,0.6,0
2024-12-29,15.29,85.79,9.85,44.88,1020.11,0.0,0
2024-12-30,12.93,86.58,6.03,9.71,1020.12,0.0,0
2024-12-31,12.41,87.92,3.63,60.58,1020.82,0.2,0
2025-01-01,11.39,89.17,4.68,60.58,1019.2,0.0,0
2025-01-02,12.88,87.67,5.82,92.21,1018.46,0.0,0
2025-01-03,13.35,88.5,2.84,73.38,1018.04,0.0,0
2025-01-04,13.75,87.88,5.17,25.83,1016.0,0.0,0
2025-01-05,13.42,89.83,8.92,36.96,1015.67,0.0,0
2025-01-06,12.0,92.04,5.94,44.75,1016.51,0.0,0
2025-01-07,12.81,85.83,10.09,26.88,1017.95,0.0,0
2025-01-08,12.86,78.58,7.71,0.71,1016.6,0.0,0
2025-01-09,12.54,80.62,4.59,0.0,1018.17,0.0,0
2025-01-10,12.8,81.21,7.75,0.0,1019.65,0.0,0
2025-01-11,13.87,87.21,11.94,33.88,1017.68,10.1,1
2025-01-12,15.06,84.62,7.56,20.21,1018.23,21.6,1
2025-01-13,13.27,87.62,6.9,37.21,1018.79,0.1,0
2025-01-14,12.86,87.71,5.74,21.5,1019.2,0.0,0
2025-01-15,13.69,85.58,6.61,61.17,1019.59,0.2,0
2025-01-16,14.31,86.04,8.1,64.29,1020.29,8.1,1
2025-01-17,13.21,85.38,5.61,0.21,1020.22,0.0,0
2025-01-18,12.11,87.0,4.4,23.29,1018.55,0.0,0
2025-01-19,15.22,87.92,2.95,14.38,1016.92,0.0,0
2025-01-20,17.3,89.83,6.57,29.92,1015.12,0.0,0
2025-01-21,17.48,84.12,4.95,19.33,1013.95,0.0,0
2025-01-22,17.03,79.67,4.15,0.54,1013.53,0.0,0
2025-01-23,16.28,83.29,7.32,12.38,1014.78,0.0,0
2025-01-24,15.14,69.42,8.5,0.0,1015.85,0.0,0
2025-01-25,14.28,66.08,7.75,0.0,1015.58,0.0,0
2025-01-26,13.95,63.08,5.8,0.0,1015.15,0.0,0
2025-01-27,13.42,70.08,5.73,0.0,1013.77,0.0,0
2025-01-28,14.38,69.46,5.15,1.88,1013.38,0.0,0
2025-01-29,16.41,67.5,9.44,11.12,1014.1,0.0,0
2025-01-30,16.99,75.25,6.36,0.21,1011.04,0.0,0
2025-01-31,18.18,70.58,7.31,0.0,1010.49,0.0,0
2025-02-01,18.39,71.42,7.36,0.67,1012.1,0.0,0
2025-02-02,18.12,73.29,6.46,0.0,1014.55,0.0,0
2025-02-03,17.86,69.88,5.72,5.96,1014.4,0.0,0
2025-02-04,19.3,68.17,7.14,34.58,1014.12,0.2,0
2025-02-05,17.8,64.5,9.8,14.71,1015.12,0.0,0
2025-02-06,15.91,50.92,10.69,0.0,1017.2,0.0,0
2025-02-07,16.24,47.54,11.75,14.21,1017.43,0.0,0
2025-02-08,17.14,50.12,7.88,66.92,1015.86,0.0,0
2025-02-09,18.2,50.12,3.27,9.71,1014.43,0.0,0
2025-02-10,20.18,48.08,2.94,38.62,1013.71,0.0,0
2025-02-11,20.92,50.58,4.42,6.38,1013.07,0.0,0
2025-02-12,20.05,49.67,11.01,3.62,1013.96,0.0,0
2025-02-13,18.79,45.21,12.12,0.0,1015.25,0.0,0
2025-02-14,18.83,51.79,9.19,0.54,1013.32,0.0,0
2025-02-15,20.99,53.42,7.06,13.38,1010.16,0.0,0
2025-02-16,20.78,60.08,5.39,9.12,1011.62,0.0,0
2025-02-17,22.0,55.17,7.94,8.62,1014.33,0.0,0
2025-02-18,19.92,66.08,4.09,37.12,1014.52,0.6,0
2025-02-19,20.9,59.83,2.49,28.62,1012.78,0.0,0
2025-02-20,21.51,60.0,10.52,9.92,1013.0,0.1,0
2025-02-21,21.4,63.67,8.51,9.71,1015.57,0.0,0
2025-02-22,19.66,59.54,9.3,0.04,1016.63,0.0,0
2025-02-23,19.77,59.92,4.33,0.08,1017.45,0.0,0
2025-02-24,20.61,55.12,4.85,0.25,1018.24,0.0,0
2025-02-25,21.65,57.75,4.61,32.62,1018.47,0.0,0
2025-02-26,23.05,57.58,5.04,50.42,1018.07,0.0,0
2025-02-27,24.48,54.33,9.82,81.38,1014.4,0.0,0
2025-02-28,23.83,62.75,8.59,84.0,1011.14,0.0,0
2025-03-01,22.98,68.96,6.98,58.0,1011.69,0.0,0
2025-03-02,22.29,63.67,8.92,4.83,1011.5,0.1,0
2025-03-03,21.97,51.0,5.3,1.75,1011.96,0.0,0
2025-03-04,22.88,39.67,16.62,3.46,1012.71,0.0,0
2025-03-05,19.45,37.46,18.55,0.0,1014.58,0.0,0
2025-03-06,20.61,31.62,9.84,0.0,1012.91,0.0,0
2025-03-07,21.57,38.04,8.08,0.0,1010.45,0.0,0
2025-03-08,22.38,42.12,4.31,0.0,1009.12,0.0,0
2025-03-09,23.73,39.5,9.48,0.0,1011.85,0.0,0
2025-03-10,25.26,39.33,10.83,21.79,1014.7,0.0,0
2025-03-11,26.5,42.88,6.48,19.42,1012.64,0.0,0
2025-03-12,26.34,49.58,7.4,2.83,1008.66,0.0,0
2025-03-13,26.35,51.0,6.45,45.67,1007.23,0.0,0
2025-03-14,27.2,44.92,5.79,26.21,1008.01,0.0,0
2025-03-15,27.35,48.25,5.25,37.96,1009.24,0.0,0
2025-03-16,25.69,49.46,10.55,16.25,1010.59,0.4,0
2025-03-17,24.56,44.58,10.8,14.38,1012.01,0.3,0
2025-03-18,22.93,47.38,8.03,24.67,1012.62,0.0,0
2025-03-19,23.87,40.79,5.08,0.04,1013.17,0.0,0
2025-03-20,25.84,35.38,9.51,5.0,1013.6,0.0,0
2025-03-21,25.38,35.12,8.85,18.83,1013.6,0.0,0
2025-03-22,24.39,36.67,9.55,9.79,1012.92,0.0,0
2025-03-23,24.05,39.54,5.71,0.0,1014.21,0.0,0
2025-03-24,25.9,33.42,7.09,0.0,1013.37,0.0,0
2025-03-25,27.68,31.12,7.08,0.0,1009.18,0.0,0
2025-03-26,28.78,29.58,7.3,0.0,1006.33,0.0,0
2025-03-27,29.38,30.08,11.16,1.67,1006.05,0.0,0
2025-03-28,27.21,22.92,14.65,0.0,1008.48,0.0,0
2025-03-29,23.73,21.83,13.57,2.96,1009.94,0.0,0
2025-03-30,24.14,24.79,8.68,0.58,1010.49,0.0,0
2025-03-31,25.26,27.75,8.05,0.0,1010.37,0.0,0
2025-04-01,26.2,24.25,8.25,34.12,1009.43,0.0,0
2025-04-02,27.65,20.62,6.38,6.17,1010.02,0.0,0
2025-04-03,28.56,24.38,6.18,21.67,1010.7,0.0,0
2025-04-04,29.04,32.83,7.87,1.96,1009.92,0.0,0
2025-04-05,28.6,26.42,8.15,0.0,1008.25,0.0,0
2025-04-06,30.34,27.58,5.82,0.0,1006.6,0.0,0
2025-04-07,31.87,26.54,6.12,0.0,1007.17,0.0,0
2025-04-08,32.58,22.92,8.7,3.42,1008.88,0.0,0
2025-04-09,33.27,25.29,8.75,16.75,1006.92,0.0,0
2025-04-10,32.7,26.21,9.89,40.83,1002.72,0.0,0
2025-04-11,30.95,35.42,13.66,22.62,1001.94,0.0,0
2025-04-12,29.7,37.67,8.67,17.33,1005.3,0.0,0
2025-04-13,29.98,32.67,6.46,10.67,1007.19,0.0,0
2025-04-14,30.17,34.75,9.29,0.0,1007.31,0.0,0
2025-04-15,30.95,36.29,9.11,1.08,1007.68,0.0,0
2025-04-16,31.93,30.83,8.32,3.96,1006.36,0.0,0
2025-04-17,34.06,24.54,10.59,6.25,1003.59,0.0,0
2025-04-18,34.12,27.46,9.24,4.17,1001.72,0.0,0
2025-04-19,34.08,33.62,10.55,1.25,1002.61,0.0,0
2025-04-20,34.01,26.79,10.8,0.04,1003.12,0.0,0
2025-04-21,34.04,17.79,11.7,0.0,1006.09,0.0,0
2025-04-22,32.84,10.54,11.26,0.0,1007.37,0.0,0
2025-04-23,32.29,9.62,11.18,0.0,1005.2,0.0,0
2025-04-24,33.22,9.54,13.86,0.0,1003.1,0.0,0
2025-04-25,34.11,12.33,10.7,22.71,1003.42,0.0,0
2025-04-26,34.1,13.92,6.3,25.58,1003.21,0.0,0
2025-04-27,32.77,19.21,8.98,28.75,1004.98,0.0,0
2025-04-28,33.97,17.33,10.84,6.38,1003.19,0.0,0
2025-04-29,32.61,29.54,13.17,4.33,1003.24,0.0,0
2025-04-30,32.31,31.25,11.57,13.75,1005.39,0.0,0
2025-05-01,32.99,30.33,13.34,21.0,1006.19,0.0,0
2025-05-02,30.22,44.25,13.8,54.71,1007.26,0.2,0
2025-05-03,30.62,42.25,8.68,62.29,1005.43,0.0,0
2025-05-04,31.14,36.58,6.73,58.71,1003.54,0.3,0
2025-05-05,30.72,41.12,6.88,65.08,1004.15,0.0,0
2025-05-06,29.17,50.04,7.03,36.88,1004.82,0.2,0
2025-05-07,29.95,46.46,5.11,59.46,1003.75,0.0,0
2025-05-08,28.95,54.88,9.78,74.42,1004.84,0.6,0
2025-05-09,30.1,52.96,8.02,12.88,1006.27,0.0,0
2025-05-10,32.38,44.96,10.0,14.25,1005.32,0.3,0
2025-05-11,33.51,39.54,9.8,21.83,1003.6,0.0,0
2025-05-12,33.68,34.92,14.0,43.58,1002.92,0.0,0
2025-05-13,34.22,30.0,10.55,25.92,1002.84,0.0,0
2025-05-14,34.47,28.96,13.22,7.92,1003.07,0.0,0
2025-05-15,34.88,27.5,12.18,18.54,1002.73,0.0,0
2025-05-16,35.42,24.92,10.6,17.79,1001.96,0.0,0
2025-05-17,35.18,28.71,11.85,27.0,1001.74,0.0,0
2025-05-18,35.69,28.62,10.6,8.33,1001.4,0.0,0
2025-05-19,36.03,31.5,9.47,6.08,1000.82,0.0,0
2025-05-20,36.97,26.88,13.66,2.58,999.28,0.0,0
2025-05-21,37.18,26.75,13.76,5.29,999.67,0.0,0
2025-05-22,34.58,39.25,10.37,0.71,1000.42,0.0,0
2025-05-23,34.62,40.67,13.01,6.42,998.77,0.1,0
2025-05-24,35.32,40.21,15.07,9.21,998.61,0.0,0
2025-05-25,33.0,49.5,12.16,17.67,1001.59,1.4,1
2025-05-26,33.11,51.04,11.35,24.38,1000.46,4.2,1
2025-05-27,34.57,46.92,10.25,22.04,998.07,0.0,0
2025-05-28,35.4,42.54,9.84,16.42,996.75,0.0,0
2025-05-29,35.88,37.5,7.97,38.96,995.25,0.0,0
2025-05-30,35.5,35.0,10.45,33.38,994.61,0.0,0
2025-05-31,33.62,43.88,11.98,24.67,997.52,0.0,0
2025-06-01,34.46,35.0,16.2,22.21,998.49,0.1,0
2025-06-02,32.05,42.71,14.38,53.83,998.99,0.6,0
2025-06-03,30.23,52.38,10.84,88.17,1000.89,0.0,0
2025-06-04,31.26,45.17,9.88,25.83,1003.1,0.1,0
2025-06-05,31.63,39.21,8.5,9.46,1005.83,0.0,0
2025-06-06,32.18,39.83,7.59,20.79,1005.46,0.0,0
2025-06-07,34.88,35.92,7.34,1.67,1002.87,0.0,0
2025-06-08,36.82,29.96,8.04,0.46,1001.2,0.0,0
2025-06-09,37.93,24.96,13.55,0.33,999.42,0.0,0
2025-06-10,37.73,21.21,14.36,0.12,998.79,0.0,0
2025-06-11,37.7,25.0,12.0,2.42,998.97,0.0,0
2025-06-12,38.18,34.38,10.01,10.25,998.62,0.1,0
2025-06-13,38.12,36.33,10.67,10.83,998.96,0.0,0
2025-06-14,36.99,40.83,8.67,32.79,997.78,0.7,0
2025-06-15,35.21,46.96,8.35,57.67,996.94,0.0,0
2025-06-16,34.48,52.92,10.29,29.29,996.69,0.6,0
2025-06-17,33.11,57.75,7.92,77.92,997.61,4.3,1
2025-06-18,31.28,66.92,9.14,98.42,997.35,7.2,1
2025-06-19,29.11,80.58,6.61,99.88,996.18,33.8,1
2025-06-20,28.73,81.83,6.55,99.58,998.52,4.6,1
2025-06-21,30.73,72.67,3.58,56.75,999.17,0.5,0
2025-06-22,30.21,77.42,8.35,88.83,998.24,10.5,1
2025-06-23,30.1,77.33,7.94,81.42,996.25,9.6,1
2025-06-24,30.58,76.54,5.43,35.54,995.8,9.7,1
2025-06-25,30.84,74.79,7.67,81.5,997.82,1.0,1
2025-06-26,31.05,72.58,10.38,62.0,999.39,16.1,1
2025-06-27,30.78,72.92,8.48,43.83,998.83,5.9,1
2025-06-28,30.2,75.46,8.78,75.92,998.69,5.5,1
2025-06-29,30.45,70.0,11.7,99.88,996.75,4.1,1
2025-06-30,28.49,83.5,9.55,97.92,997.7,30.5,1
2025-07-01,28.3,81.29,4.8,92.5,997.95,37.3,1
2025-07-02,28.95,81.33,7.45,95.17,997.57,9.8,1
2025-07-03,29.43,81.25,7.94,80.38,998.03,6.7,1
2025-07-04,29.79,81.62,4.75,92.46,998.44,16.7,1
2025-07-05,29.35,79.5,6.86,80.92,998.06,9.9,1
2025-07-06,30.11,77.79,6.46,57.0,997.73,3.5,1
2025-07-07,30.4,73.79,5.94,76.58,998.26,2.2,1
2025-07-08,31.29,69.17,7.62,90.12,998.72,2.0,1
2025-07-09,29.78,75.58,9.68,99.96,1000.06,3.0,1
2025-07-10,28.45,82.46,5.5,97.04,1001.82,2.3,1
2025-07-11,29.11,77.62,4.97,69.08,1001.28,4.3,1
2025-07-12,28.74,83.08,5.37,94.29,1000.78,7.6,1
2025-07-13,27.69,86.21,9.83,98.54,999.68,30.9,1
2025-07-14,28.6,78.5,18.06,94.79,997.78,1.7,1
2025-07-15,28.85,78.67,8.87,92.71,999.0,5.7,1
2025-07-16,29.45,79.67,5.26,91.33,1000.22,3.9,1
2025-07-17,28.25,83.5,7.72,88.54,1001.34,13.2,1
2025-07-18,26.82,88.17,17.6,86.92,997.51,10.1,1
2025-07-19,29.3,73.29,12.16,26.62,998.58,0.4,0
2025-07-20,30.19,67.92,7.82,99.54,998.88,0.0,0
2025-07-21,30.15,76.25,3.54,96.12,1000.54,2.1,1
2025-07-22,30.48,73.71,5.73,86.25,999.31,0.2,0
2025-07-23,29.36,79.17,10.23,84.62,997.02,15.8,1
2025-07-24,29.67,80.67,11.5,60.21,995.84,0.5,0
2025-07-25,30.78,71.92,12.13,69.04,995.08,0.2,0
2025-07-26,29.06,82.62,7.39,99.46,995.63,17.1,1
2025-07-27,29.34,81.12,14.14,95.17,994.74,25.8,1
2025-07-28,29.45,84.71,6.83,90.71,995.84,9.8,1
2025-07-29,27.32,92.67,6.43,97.25,997.19,31.5,1
2025-07-30,27.81,89.17,6.8,100.0,997.28,17.0,1
2025-07-31,27.34,88.38,9.51,98.88,998.84,35.8,1
2025-08-01,28.85,78.54,10.96,76.96,1000.23,9.6,1
2025-08-02,29.26,79.17,11.31,99.21,1000.92,2.6,1
2025-08-03,28.88,82.88,9.33,100.0,1002.41,9.5,1
2025-08-04,27.46,86.75,11.95,99.83,1003.8,13.3,1
2025-08-05,27.97,82.38,12.98,85.25,1003.91,2.8,1
2025-08-06,29.08,76.46,11.7,43.21,1004.05,0.6,0
2025-08-07,30.06,69.17,13.49,43.5,1002.64,0.0,0
2025-08-08,29.55,71.04,10.85,98.67,1003.54,0.0,0
2025-08-09,29.04,73.71,11.96,74.29,1005.2,0.3,0
2025-08-10,29.0,77.38,10.54,84.88,1003.97,1.7,1
2025-08-11,28.91,77.79,12.1,98.29,1003.22,4.1,1
2025-08-12,29.71,79.12,8.79,97.46,1002.05,2.8,1
2025-08-13,29.99,76.71,8.25,98.17,1001.22,0.1,0
2025-08-14,28.15,87.54,6.93,79.04,1003.35,9.6,1
2025-08-15,29.48,82.46,5.8,22.54,1001.76,0.9,0
2025-08-16,30.08,78.25,7.63,40.79,1000.41,0.6,0
2025-08-17,30.55,74.88,10.08,66.38,1001.01,1.0,1
2025-08-18,29.77,77.54,11.34,73.42,1002.47,1.9,1
2025-08-19,29.83,76.38,11.42,41.54,1001.04,2.0,1
2025-08-20,29.36,76.75,13.51,60.29,1000.56,1.7,1
2025-08-21,27.95,85.33,8.9,89.46,1001.08,9.8,1
2025-08-22,27.78,84.96,8.12,97.42,999.13,16.3,1
2025-08-23,27.44,88.21,8.45,98.17,998.45,23.0,1
2025-08-24,26.8,89.58,6.35,99.5,999.68,40.9,1
2025-08-25,28.15,82.42,9.25,99.67,999.45,3.4,1
2025-08-26,28.48,84.12,6.15,86.5,1002.13,1.7,1
2025-08-27,29.04,82.75,4.17,57.92,1001.9,8.5,1
2025-08-28,29.55,81.38,5.59,85.92,1001.32,0.7,0
2025-08-29,29.67,80.25,9.27,100.0,1002.12,1.7,1
2025-08-30,29.3,80.0,8.73,96.21,1003.67,14.0,1
2025-08-31,27.57,89.17,6.35,100.0,1002.32,10.6,1
2025-09-01,27.05,87.17,9.47,100.0,999.82,16.2,1
2025-09-02,26.95,86.33,7.51,95.46,1000.94,3.0,1
2025-09-03,27.1,88.75,7.52,93.75,1002.55,22.7,1
2025-09-04,28.43,81.96,11.34,60.88,1002.1,15.7,1
2025-09-05,27.01,85.54,16.26,90.29,1001.93,29.1,1
2025-09-06,28.55,79.92,12.42,56.38,1003.66,3.9,1
2025-09-07,28.16,82.5,6.3,36.08,1004.15,3.1,1
2025-09-08,28.68,74.88,7.88,24.88,1005.32,0.0,0
2025-09-09,29.06,71.04,10.48,44.38,1006.82,0.3,0
2025-09-10,29.5,67.83,12.15,36.88,1006.05,0.0,0
2025-09-11,29.05,67.21,11.18,82.83,1005.8,0.0,0
2025-09-12,28.76,69.5,8.62,39.0,1006.74,0.3,0
2025-09-13,28.62,75.21,6.58,46.67,1006.91,0.1,0
2025-09-14,29.53,73.46,5.39,45.17,1006.24,0.1,0
2025-09-15,29.75,72.62,6.08,86.54,1004.56,0.1,0
2025-09-16,29.68,72.0,6.47,67.46,1004.47,0.9,0
2025-09-17,28.69,80.46,4.47,61.38,1005.25,5.7,1
2025-09-18,28.22,81.5,6.06,67.96,1005.38,3.8,1
2025-09-19,29.36,76.04,7.39,49.75,1005.9,0.2,0
2025-09-20,29.91,68.58,8.15,41.92,1005.45,0.0,0
2025-09-21,29.7,67.04,8.64,11.29,1004.87,0.0,0
2025-09-22,29.6,63.38,8.33,15.75,1005.1,0.0,0
2025-09-23,29.86,61.5,9.18,16.08,1004.74,0.0,0
2025-09-24,29.36,63.38,9.41,1.88,1003.18,0.0,0
2025-09-25,29.45,61.58,9.15,2.58,1003.87,0.0,0
2025-09-26,29.92,61.5,10.38,9.38,1004.9,0.0,0
2025-09-27,29.6,72.04,9.12,75.42,1006.09,4.2,1
2025-09-28,29.8,73.08,13.9,52.46,1005.11,18.2,1
2025-09-29,28.91,78.54,8.2,59.29,1004.29,3.5,1
2025-09-30,28.01,81.46,5.86,75.67,1003.08,28.8,1
2025-10-01,27.16,82.04,6.55,55.79,1003.62,9.0,1
2025-10-02,27.69,79.67,6.26,24.75,1006.75,9.9,1
2025-10-03,28.02,77.96,8.32,31.79,1009.07,0.4,0
2025-10-04,27.89,78.46,5.45,52.21,1007.76,3.0,1
2025-10-05,28.7,69.38,10.24,20.29,1007.22,0.0,0
2025-10-06,26.69,76.58,7.78,71.04,1009.07,0.6,0
2025-10-07,24.95,82.33,7.52,29.33,1009.73,9.3,1
2025-10-08,25.08,71.92,6.4,11.79,1010.91,0.0,0
2025-10-09,24.39,68.96,6.66,1.29,1012.96,0.0,0
2025-10-10,24.15,59.88,4.87,2.33,1012.1,0.0,0
2025-10-11,24.21,60.75,5.32,15.92,1011.64,0.0,0
2025-10-12,24.78,62.54,4.53,23.42,1011.23,0.0,0
2025-10-13,25.46,58.54,4.76,27.08,1011.96,0.0,0
2025-10-14,25.09,59.62,3.48,10.92,1011.11,0.0,0
2025-10-15,24.77,57.46,3.5,0.0,1010.95,0.0,0
2025-10-16,24.99,58.21,4.08,0.46,1011.09,0.0,0
2025-10-17,24.92,55.33,2.99,0.0,1012.26,0.0,0
2025-10-18,25.1,50.17,3.21,0.04,1011.68,0.0,0
2025-10-19,25.14,58.54,4.08,6.25,1010.9,0.0,0
2025-10-20,25.26,68.29,5.06,9.29,1011.17,0.0,0
2025-10-21,26.19,66.25,4.46,8.83,1012.43,0.0,0
2025-10-22,26.35,67.33,3.5,11.88,1012.67,0.0,0
2025-10-23,26.23,60.42,4.76,12.75,1012.09,0.0,0
2025-10-24,25.17,59.42,4.93,2.92,1011.98,0.0,0
2025-10-25,25.1,60.08,5.82,14.21,1011.38,0.0,0
2025-10-26,25.32,63.58,8.11,34.0,1011.97,0.0,0
2025-10-27,22.35,82.17,10.47,99.04,1012.98,18.9,1
2025-10-28,20.43,92.25,11.54,100.0,1013.94,15.7,1
2025-10-29,23.24,82.96,8.83,86.21,1011.91,0.9,0
2025-10-30,23.55,86.42,12.37,99.38,1010.95,2.6,1
2025-10-31,22.92,87.25,6.4,90.25,1011.15,0.7,0
2025-11-01,24.48,78.96,5.08,29.21,1011.34,0.0,0
2025-11-02,24.7,67.5,8.57,30.67,1011.24,0.0,0
2025-11-03,23.44,61.75,9.48,0.83,1010.02,0.0,0
2025-11-04,22.99,71.62,7.41,59.5,1009.57,1.2,1
2025-11-05,23.68,69.12,6.88,14.58,1009.48,0.0,0
2025-11-06,20.93,55.62,9.48,0.0,1012.77,0.0,0
2025-11-07,19.08,55.88,7.88,0.0,1014.6,0.0,0
2025-11-08,18.65,54.46,6.26,0.0,1015.61,0.0,0
2025-11-09,18.7,60.0,7.2,0.0,1014.19,0.0,0
2025-11-10,18.62,62.71,4.55,1.33,1013.91,0.0,0
2025-11-11,18.52,62.0,6.56,1.08,1014.71,0.0,0
2025-11-12,18.7,61.96,6.87,0.0,1015.84,0.0,0
2025-11-13,18.57,61.83,7.07,0.0,1017.1,0.0,0
2025-11-14,17.8,63.62,3.82,0.0,1017.27,0.0,0
2025-11-15,17.67,62.25,5.4,0.0,1018.11,0.0,0
2025-11-16,17.38,64.17,7.1,0.0,1019.62,0.0,0
2025-11-17,17.13,65.42,4.95,0.0,1019.13,0.0,0
2025-11-18,17.01,70.0,4.48,0.0,1017.07,0.0,0
2025-11-19,17.58,74.04,4.18,7.29,1016.76,0.0,0
2025-11-20,17.89,77.83,4.18,0.0,1017.55,0.0,0
2025-11-21,18.55,77.42,3.58,0.0,1018.54,0.0,0
2025-11-22,18.72,73.21,3.36,0.5,1016.93,0.0,0
2025-11-23,18.43,68.5,4.0,3.58,1016.97,0.0,0
2025-11-24,17.52,69.79,2.78,0.0,1018.35,0.0,0
2025-11-25,16.61,72.29,3.72,0.0,1018.38,0.0,0
2025-11-26,16.06,72.33,3.58,0.0,1018.55,0.0,0
2025-11-27,16.52,73.17,4.21,0.08,1019.48,0.0,0
2025-11-28,16.46,76.58,3.08,0.12,1017.98,0.0,0
2025-11-29,17.15,75.38,4.25,0.12,1016.26,0.0,0
2025-11-30,17.72,75.46,3.76,20.5,1015.36,0.0,0
2025-12-01,18.12,76.79,4.03,1.67,1015.1,0.0,0
2025-12-02,18.68,75.96,3.69,4.0,1014.85,0.0,0
2025-12-03,17.28,75.46,7.28,4.17,1018.03,0.0,0
2025-12-04,15.11,67.92,5.59,0.0,1019.53,0.0,0
2025-12-05,14.68,72.5,2.26,0.0,1020.9,0.0,0
2025-12-06,14.52,73.21,6.9,34.46,1020.04,0.0,0
2025-12-07,15.61,72.96,5.52,25.25,1019.11,0.0,0
2025-12-08,15.92,74.25,7.76,12.62,1018.76,0.0,0
2025-12-09,16.39,74.67,7.8,0.0,1018.39,0.0,0
2025-12-10,16.29,74.58,6.7,0.0,1018.36,0.0,0
2025-12-11,16.23,72.67,6.07,0.0,1017.13,0.0,0
2025-12-12,16.01,77.58,5.16,0.04,1016.16,0.0,0
2025-12-13,15.45,84.67,2.86,30.08,1017.14,0.0,0
2025-12-14,15.05,87.29,2.2,80.67,1018.45,0.0,0
2025-12-15,14.78,88.21,3.2,47.38,1018.4,0.0,0
2025-12-16,15.13,81.58,6.33,25.58,1017.49,0.0,0
2025-12-17,15.89,79.75,6.08,0.0,1018.35,0.0,0
2025-12-18,15.2,82.29,7.17,32.67,1018.77,0.0,0
2025-12-19,14.45,86.33,4.29,38.79,1016.92,0.0,0
2025-12-20,14.2,85.67,6.05,0.88,1015.66,0.0,0
2025-12-21,13.91,93.25,6.09,95.79,1017.65,0.0,0
2025-12-22,13.88,91.71,3.4,67.29,1017.77,0.0,0
2025-12-23,15.81,87.71,5.36,34.46,1015.71,0.0,0
2025-12-24,15.56,76.42,7.21,2.29,1016.21,0.0,0
2025-12-25,13.54,78.25,3.82,16.83,1017.28,0.0,0
2025-12-26,13.17,78.42,2.88,32.75,1017.58,0.0,0
2025-12-27,13.1,81.33,6.55,28.17,1017.45,0.0,0
2025-12-28,12.9,85.83,3.71,38.88,1018.08,0.0,0
2025-12-29,12.83,89.96,3.8,42.96,1017.8,0.0,0
2025-12-30,13.15,87.67,3.85,29.79,1015.21,0.0,0
2025-12-31,13.75,89.04,7.96,15.38,1012.94,0.0,0
2026-01-01,12.76,93.62,6.34,61.5,1015.0,0.0,0
2026-01-02,13.1,92.75,6.56,68.46,1018.28,0.6,0
2026-01-03,12.96,86.0,3.92,62.96,1019.36,0.0,0
2026-01-04,11.51,87.79,4.2,43.04,1020.54,0.2,0
2026-01-05,10.9,89.25,3.06,45.58,1021.79,0.0,0
2026-01-06,11.23,91.17,2.43,55.5,1021.49,0.0,0
2026-01-07,10.94,92.29,3.88,61.58,1022.56,0.0,0
2026-01-08,10.21,92.42,5.24,59.96,1022.75,0.0,0
2026-01-09,10.95,89.54,6.62,31.92,1021.13,0.0,0
2026-01-10,12.09,88.0,3.55,35.92,1019.78,0.0,0
2026-01-11,12.73,79.25,7.06,0.0,1021.82,0.0,0
2026-01-12,11.59,78.12,5.55,7.79,1022.25,0.0,0
2026-01-13,12.9,78.04,3.37,1.71,1020.55,0.0,0
2026-01-14,13.48,82.21,2.91,0.17,1017.34,0.0,0
2026-01-15,12.55,80.79,4.55,24.71,1017.86,0.0,0
2026-01-16,13.32,81.29,4.45,0.83,1016.71,0.0,0
2026-01-17,13.9,86.71,4.49,16.83,1014.79,0.0,0
2026-01-18,15.91,83.79,8.79,14.46,1012.3,0.0,0
2026-01-19,16.2,82.21,4.86,1.42,1014.33,0.0,0
2026-01-20,15.88,76.46,4.06,1.12,1016.17,0.0,0
2026-01-21,15.57,73.88,2.91,0.0,1017.74,0.0,0
2026-01-22,16.99,72.21,7.49,0.04,1016.66,0.0,0
2026-01-23,17.78,74.12,12.22,41.42,1015.13,1.7,1
2026-01-24,15.72,82.08,12.63,94.79,1020.72,0.0,0
2026-01-25,13.1,66.04,7.69,1.67,1020.05,0.0,0
2026-01-26,13.72,74.79,5.43,76.5,1019.77,0.0,0
2026-01-27,16.94,85.17,7.88,65.42,1018.01,14.6,1
2026-01-28,15.7,88.04,7.3,39.08,1019.34,0.1,0
2026-01-29,13.71,86.92,5.26,35.08,1020.45,0.0,0
2026-01-30,13.01,86.83,4.83,74.42,1019.62,0.0,0
2026-01-31,14.86,88.0,7.68,72.79,1019.24,0.0,0
2026-02-01,16.8,87.92,6.52,36.92,1019.13,2.3,1
2026-02-02,17.44,87.71,4.42,27.79,1019.31,0.0,0
2026-02-03,16.16,85.17,6.42,33.58,1020.84,4.4,1
2026-02-04,15.34,81.33,4.91,24.79,1021.59,0.0,0
2026-02-05,14.75,76.54,7.09,1.04,1020.65,0.0,0
2026-02-06,15.88,72.38,7.49,0.96,1019.4,0.0,0
2026-02-07,16.87,69.29,7.93,39.67,1017.13,0.0,0
2026-02-08,16.97,71.58,4.9,7.83,1015.83,0.0,0
2026-02-09,17.5,69.58,5.46,6.42,1015.32,0.0,0
2026-02-10,18.81,68.96,7.7,2.42,1015.92,0.0,0
2026-02-11,19.32,70.04,4.72,0.54,1018.49,0.0,0
2026-02-12,19.57,66.79,5.8,46.67,1018.0,0.0,0
2026-02-13,19.38,66.08,3.58,79.33,1016.08,0.0,0
2026-02-14,19.33,59.58,4.08,2.83,1015.08,0.0,0
2026-02-15,20.53,50.42,7.91,0.0,1014.22,0.0,0
2026-02-16,21.59,46.08,6.37,0.0,1013.42,0.0,0
2026-02-17,22.49,41.88,10.97,0.38,1014.1,0.0,0
2026-02-18,20.0,63.17,9.4,50.04,1015.24,2.5,1
2026-02-19,20.54,64.42,6.97,15.88,1016.7,0.0,0
2026-02-20,21.06,63.83,5.05,4.04,1017.8,0.0,0
2026-02-21,21.39,61.62,6.47,0.17,1013.62,0.0,0
2026-02-22,22.03,55.46,6.29,0.42,1009.96,0.0,0
2026-02-23,22.36,48.21,7.26,13.83,1009.78,0.0,0
2026-02-24,22.38,48.0,6.41,8.67,1011.65,0.0,0
2026-02-25,22.35,48.67,4.95,5.67,1012.96,0.0,0
2026-02-26,23.2,43.79,6.23,0.0,1010.67,0.0,0
2026-02-27,24.35,39.83,6.65,15.5,1008.09,0.0,0
2026-02-28,24.64,46.04,7.82,24.25,1007.44,0.0,0
2026-03-01,24.01,45.46,6.75,0.04,1009.08,0.0,0
2026-03-02,24.35,43.38,8.98,0.04,1011.32,0.0,0
2026-03-03,24.55,46.08,10.24,0.0,1012.15,0.0,0
2026-03-04,25.25,43.04,11.71,0.0,1012.6,0.0,0
2026-03-05,25.99,43.96,11.42,0.0,1010.3,0.0,0
2026-03-06,26.16,46.12,8.33,0.0,1009.78,0.0,0
2026-03-07,26.28,44.08,5.16,0.0,1011.2,0.0,0
2026-03-08,26.91,43.0,5.83,0.0,1011.73,0.0,0
2026-03-09,27.58,43.21,7.59,0.0,1011.6,0.0,0
2026-03-10,28.05,44.04,6.81,0.0,1013.44,0.0,0
2026-03-11,28.15,40.0,7.12,8.25,1012.09,0.0,0
2026-03-12,28.42,27.29,13.18,79.04,1008.81,0.0,0
2026-03-13,27.12,34.29,8.82,65.75,1008.49,0.0,0
2026-03-14,27.41,35.92,4.37,67.88,1008.59,0.0,0
2026-03-15,26.84,36.08,11.85,28.21,1008.1,0.0,0
2026-03-16,25.88,39.62,10.58,21.88,1007.55,0.0,0
2026-03-17,26.71,31.33,6.79,71.42,1007.51,0.0,0
2026-03-18,27.0,43.96,7.96,61.17,1009.49,0.9,0
2026-03-19,26.53,45.88,11.4,42.62,1010.44,0.0,0
2026-03-20,20.64,72.12,9.01,72.62,1011.01,8.2,1
2026-03-21,21.22,64.21,5.57,32.67,1013.18,0.0,0
2026-03-22,23.95,52.25,7.23,23.0,1012.72,0.0,0
2026-03-23,22.73,59.79,8.2,49.25,1011.55,0.0,0
2026-03-24,24.79,56.08,6.62,12.21,1010.37,0.0,0
2026-03-25,26.32,44.17,6.15,37.92,1010.14,0.0,0
2026-03-26,27.94,37.88,6.28,39.58,1010.82,0.0,0
2026-03-27,26.82,45.67,7.37,45.17,1008.02,0.1,0
2026-03-28,27.35,45.58,7.64,21.54,1005.44,0.0,0
2026-03-29,30.19,36.62,8.11,19.46,1005.28,0.0,0
2026-03-30,28.17,41.83,9.21,72.62,1008.12,0.4,0
2026-03-31,28.27,47.21,8.05,61.62,1009.26,1.6,1
2026-04-01,28.01,43.21,8.69,57.96,1009.6,0.0,0
2026-04-02,30.08,35.83,8.2,53.75,1008.41,0.0,0
2026-04-03,28.61,38.75,12.87,78.0,1009.23,0.0,0
2026-04-04,24.4,65.04,9.68,79.79,1010.15,5.2,1
2026-04-05,24.84,61.38,8.42,28.33,1008.3,0.9,0
2026-04-06,26.09,42.33,7.58,12.79,1008.71,0.0,0
2026-04-07,25.64,43.71,10.27,70.58,1007.7,0.0,0
2026-04-08,23.16,59.25,9.85,55.29,1008.36,2.1,1
2026-04-09,24.64,49.21,8.55,27.75,1012.16,0.0,0
2026-04-10,25.35,35.71,10.79,0.0,1012.85,0.0,0
2026-04-11,27.24,34.46,8.02,1.21,1010.4,0.0,0
2026-04-12,28.7,32.04,10.55,9.33,1007.12,0.0,0
2026-04-13,28.42,29.04,7.98,3.29,1008.63,0.0,0
2026-04-14,30.08,30.38,7.55,4.0,1006.98,0.0,0
2026-04-15,31.58,27.0,7.22,20.33,1004.11,0.0,0
2026-04-16,31.42,26.33,5.5,14.62,1005.37,0.0,0
2026-04-17,32.82,23.08,6.87,79.54,1006.56,0.0,0
2026-04-18,33.18,27.79,7.04,0.71,1006.15,0.0,0
2026-04-19,33.2,24.42,9.08,27.75,1004.82,0.0,0
2026-04-20,32.7,21.92,11.19,1.29,1004.46,0.0,0
2026-04-21,32.6,21.92,11.74,7.33,1004.68,0.0,0
2026-04-22,33.33,21.04,15.48,0.0,1004.43,0.0,0
2026-04-23,32.9,18.46,11.02,0.0,1005.43,0.0,0
2026-04-24,33.84,21.38,10.24,8.71,1004.5,0.0,0
2026-04-25,35.57,21.92,12.54,19.79,1005.2,0.0,0
2026-04-26,35.53,23.04,10.05,34.62,1003.47,0.0,0
2026-04-27,35.87,22.12,10.31,37.83,1000.74,0.0,0
2026-04-28,34.97,24.04,9.62,12.58,1001.4,0.0,0
2026-04-29,32.84,29.04,9.74,38.92,1000.95,0.0,0
2026-04-30,31.96,35.83,11.89,60.79,1002.71,0.1,0
2026-05-01,30.66,43.12,9.27,7.46,1003.03,0.0,0
2026-05-02,31.24,41.0,8.58,19.79,1001.25,0.0,0
2026-05-03,32.75,36.17,11.73,39.83,1001.83,0.5,0
2026-05-04,29.67,48.58,15.01,46.79,1005.36,1.2,1
2026-05-05,27.24,59.88,10.82,49.17,1008.55,1.6,1
2026-05-06,28.41,51.54,6.34,4.79,1006.93,0.0,0
2026-05-07,28.21,46.88,16.7,20.29,1007.15,0.0,0
2026-05-08,29.03,44.08,12.97,14.46,1007.02,0.0,0
2026-05-09,30.39,43.92,10.2,6.38,1006.55,0.3,0
2026-05-10,31.31,46.75,8.36,0.71,1006.34,0.0,0
2026-05-11,32.42,41.67,8.57,5.71,1005.98,0.0,0
2026-05-12,33.66,39.08,8.5,13.5,1003.21,0.3,0
2026-05-13,34.4,35.58,8.7,17.83,1001.01,0.1,0
2026-05-14,33.95,38.29,5.85,5.96,1000.55,0.0,0
2026-05-15,34.07,39.08,10.18,20.42,1001.11,0.1,0
2026-05-16,34.71,34.71,6.23,7.67,1001.8,0.0,0
2026-05-17,35.17,31.88,7.93,2.71,1001.8,0.0,0
2026-05-18,36.32,28.04,12.36,1.21,999.9,0.0,0
2026-05-19,37.08,26.21,7.68,1.33,1000.4,0.0,0
2026-05-20,36.67,25.25,13.54,2.67,1000.38,0.0,0
2026-05-21,36.22,23.38,15.88,0.0,1001.25,0.0,0
2026-05-22,36.52,19.96,15.95,0.17,1003.12,0.0,0
2026-05-23,36.66,22.04,15.89,11.17,1003.09,0.0,0
2026-05-24,37.23,23.54,15.21,0.71,1002.43,0.0,0
2026-05-25,37.64,21.12,20.78,1.67,1001.49,0.0,0
2026-05-26,37.89,25.62,15.56,5.88,1001.89,0.0,0
2026-05-27,37.67,23.54,13.86,1.0,1001.47,0.0,0
2026-05-28,37.69,25.88,12.71,31.38,1001.23,0.1,0
2026-05-29,32.05,50.33,9.34,50.54,1003.77,2.8,1
2026-05-30,30.28,51.88,10.32,29.92,1005.15,0.0,0
2026-05-31,30.75,49.0,8.84,24.88,1006.4,0.1,0
2026-06-01,31.05,53.46,8.03,48.33,1006.3,0.9,0
2026-06-02,30.85,52.71,7.7,16.12,1005.76,0.3,0
2026-06-03,32.78,46.38,6.84,20.79,1002.17,0.3,0
2026-06-04,33.7,40.83,10.53,20.54,1000.32,0.1,0
2026-06-05,30.38,51.5,10.4,73.04,1002.05,0.4,0
2026-06-06,33.15,43.92,10.12,8.92,1001.91,0.0,0
2026-06-07,33.98,38.79,8.79,18.29,1002.09,0.0,0
2026-06-08,35.27,36.79,11.7,10.17,999.74,0.0,0
2026-06-09,35.91,34.58,16.77,7.21,998.44,0.1,0
2026-06-10,35.51,39.17,16.6,4.62,998.74,0.0,0
2026-06-11,35.47,44.17,12.0,7.62,998.88,0.0,0
2026-06-12,31.88,55.46,12.98,26.17,1002.85,1.2,1
2026-06-13,30.78,57.92,6.01,23.62,1004.2,0.0,0
2026-06-14,32.94,47.71,11.58,31.29,1002.2,0.0,0
2026-06-15,32.85,45.12,11.98,18.38,1002.48,0.1,0
2026-06-16,33.19,44.04,5.9,15.17,1003.41,0.0,0
2026-06-17,33.29,46.29,6.39,30.25,1003.59,0.2,0
2026-06-18,34.75,41.88,9.93,24.0,1002.42,0.0,0
2026-06-19,34.09,44.33,12.9,32.88,1002.82,0.1,0
2026-06-20,33.75,47.67,14.14,57.25,1003.37,0.3,0
2026-06-21,33.54,48.0,15.06,19.33,1002.11,0.0,0
2026-06-22,33.22,45.71,12.53,11.58,1001.96,0.2,0
2026-06-23,33.41,42.96,11.03,16.17,1000.29,0.0,0
2026-06-24,32.58,48.5,7.76,25.42,1000.27,0.0,0
2026-06-25,33.19,49.04,11.24,13.42,1001.38,0.2,0
2026-06-26,33.0,56.38,10.01,27.71,1002.45,1.9,1
2026-06-27,34.95,48.79,11.54,8.08,1000.98,0.5,0
2026-06-28,34.17,54.25,13.93,19.62,999.42,1.2,1
2026-06-29,33.95,52.25,15.94,26.75,998.28,0.4,0
2026-06-30,33.32,54.96,12.66,65.71,998.75,6.6,1
2026-07-01,29.74,74.79,7.45,78.08,1000.19,5.6,1
2026-07-02,30.84,72.38,9.15,92.04,1000.1,11.3,1
2026-07-03,30.75,73.0,4.93,99.33,999.98,1.0,1
2026-07-04,32.1,68.54,5.55,57.54,997.85,1.4,1
2026-07-05,31.54,75.58,7.25,58.46,997.32,3.7,1
2026-07-06,31.77,70.96,8.55,51.79,997.69,1.7,1
2026-07-07,30.05,78.25,8.32,90.08,997.17,11.6,1
2026-07-08,27.88,86.92,12.78,99.46,995.26,21.7,1
2026-07-09,30.0,74.96,14.7,91.83,997.61,3.4,1
2026-07-10,31.84,64.29,19.1,79.12,999.27,1.3,1
2026-07-11,31.89,58.92,18.36,33.21,998.46,0.0,0
2026-07-12,32.1,58.88,18.4,32.92,997.15,0.0,0
2026-07-13,32.01,61.21,16.89,74.0,998.5,1.3,1
2026-07-14,32.4,58.58,15.75,51.29,1000.08,0.2,0
2026-07-15,31.58,60.79,13.55,47.54,1001.81,0.6,0
2026-07-16,32.61,58.96,11.95,66.96,1001.97,0.2,0
2026-07-17,32.48,61.75,12.54,90.0,1001.33,0.4,0
2026-07-18,31.86,66.12,10.27,99.17,1001.08,47.1,1
2026-07-19,30.62,75.67,10.68,98.08,1001.7,10.7,1
2026-07-20,27.43,88.67,9.67,99.88,1002.45,27.5,1
2026-07-21,28.02,84.04,4.12,99.0,1001.42,15.6,1
2026-07-22,29.47,77.38,12.5,52.38,999.62,5.2,1
2026-07-23,29.17,78.29,11.4,61.75,998.18,6.1,1
2026-07-24,29.96,74.58,10.46,71.08,998.6,1.2,1
2026-07-25,30.62,68.75,8.93,73.25,1000.55,0.7,0
2026-07-26,30.82,72.38,5.9,31.17,1000.64,2.2,1
2026-07-27,30.71,74.62,9.22,83.21,998.9,13.1,1
2026-07-28,29.9,81.54,5.79,84.92,998.7,7.8,1
2026-07-29,30.0,80.33,6.92,71.58,999.04,0.6,0
2026-07-30,30.64,75.12,10.5,44.92,997.63,2.0,1
2026-07-31,30.07,75.88,15.74,69.54,997.61,6.3,1
2026-08-01,30.26,73.71,12.9,70.12,997.82,6.8,1
2026-08-02,30.5,74.29,8.73,90.04,999.56,0.3,0
2026-08-03,29.34,83.79,7.35,96.88,1000.94,9.3,1
2026-08-04,27.78,92.71,10.39,99.71,1002.08,58.6,1
2026-08-05,27.43,91.58,12.76,99.92,1000.2,18.0,1
2026-08-06,26.88,90.88,14.64,97.96,999.78,31.7,1
2026-08-07,27.3,90.12,11.43,97.25,998.74,29.3,1
2026-08-08,29.12,82.42,7.54,38.08,999.79,1.6,1
2026-08-09,29.98,81.67,4.86,71.96,1001.03,2.8,1
2026-08-10,29.67,83.67,6.59,90.54,1000.22,5.4,1
2026-08-11,29.04,87.25,5.9,66.46,1000.44,6.6,1
2026-08-12,29.86,83.79,3.51,31.58,1001.4,0.5,0
2026-08-13,29.88,82.08,8.3,71.0,1002.07,1.5,1
2026-08-14,28.94,85.83,9.82,98.79,1002.39,10.7,1
2026-08-15,28.53,88.96,8.18,95.62,1002.48,15.1,1
2026-08-16,28.69,85.79,11.22,98.83,1001.82,11.3,1
2026-08-17,29.57,77.71,14.31,92.25,1002.57,0.9,0
2026-08-18,30.22,71.46,10.58,69.12,1003.39,0.9,0
2026-08-19,29.54,77.0,9.5,79.5,1003.73,1.2,1
2026-08-20,28.91,83.46,8.25,84.58,1003.59,4.4,1
2026-08-21,29.14,84.96,8.96,86.08,1002.89,10.0,1
2026-08-22,29.3,80.0,9.53,88.83,1002.82,4.7,1
2026-08-23,28.82,82.54,10.49,81.04,1003.57,19.7,1
2026-08-24,28.27,83.42,11.62,87.5,1003.47,13.7,1
2026-08-25,28.25,86.38,6.4,98.21,1003.5,5.4,1
2026-08-26,27.25,90.29,6.83,100.0,1003.23,40.1,1
2026-08-27,27.36,88.04,9.81,98.38,1002.74,11.4,1
2026-08-28,29.49,76.92,13.78,91.75,1002.08,2.3,1
2026-08-29,29.92,70.21,15.45,72.54,1002.1,0.1,0
2026-08-30,29.12,71.96,13.36,83.04,1002.9,0.0,0
2026-08-31,29.18,69.0,12.66,87.21,1003.24,1.0,1
2026-09-01,28.53,77.54,8.61,97.58,1004.28,6.9,1
2026-09-02,28.1,85.88,6.08,92.04,1004.49,11.0,1
2026-09-03,27.43,88.21,6.64,99.33,1003.41,8.8,1
2026-09-04,26.54,92.58,10.88,99.38,1003.64,54.8,1
2026-09-05,27.01,88.5,9.0,93.08,1005.07,20.0,1
2026-09-06,25.9,90.92,8.33,96.83,1006.46,54.2,1
2026-09-07,28.29,76.88,11.3,18.29,1006.35,0.8,0
2026-09-08,29.2,69.54,12.6,10.21,1006.48,0.2,0
2026-09-09,29.91,65.12,13.74,7.04,1006.42,0.0,0
2026-09-10,29.5,67.96,11.8,55.71,1006.8,1.6,1
2026-09-11,27.34,86.17,8.02,86.92,1007.44,19.2,1
2026-09-12,28.5,81.88,12.06,63.38,1007.67,7.3,1
2026-09-13,29.21,75.83,14.72,55.62,1008.13,2.5,1
2026-09-14,28.47,80.67,10.87,69.5,1008.92,2.4,1
2026-09-15,28.02,82.58,6.96,50.0,1009.22,3.3,1
2026-09-16,29.25,75.83,10.55,24.0,1008.37,5.1,1
2026-09-17,27.98,79.58,10.57,48.04,1007.52,10.8,1
2026-09-18,27.38,78.38,7.43,78.08,1008.63,0.7,0
2026-09-19,28.41,73.83,4.91,55.0,1010.4,1.1,1
2026-09-20,28.76,73.21,4.76,22.29,1012.06,0.0,0
2026-09-21,29.29,74.54,4.29,5.96,1009.96,0.0,0
2026-09-22,29.86,69.5,5.45,4.38,1007.82,0.0,0
2026-09-23,29.96,68.29,6.9,37.83,1006.76,0.9,0
2026-09-24,28.87,73.62,11.65,14.04,1006.52,0.1,0
2026-09-25,25.34,77.04,15.62,70.54,1005.87,0.4,0
2026-09-26,24.13,72.29,19.23,81.83,1002.98,0.6,0
